Lat,Long,Country,County,State,Current,Capacity
30.567,-87.7231,US,Baldwin,Alabama,84.5602686,125.0951922
30.6801,-88.2414,US,Mobile,Alabama,41.38581479,88.943391
30.7487,-88.1164,US,Mobile,Alabama,13.42602059,99.62172898
31.2628,-85.4394,US,Houston,Alabama,93.56004806,103.7658709
31.3403,-85.8675,US,Coffee,Alabama,29.34708481,87.76386604
31.4489,-86.8359,US,Conecuh,Alabama,19.95382272,20.40763881
31.49,-86.93,US,Conecuh,Alabama,85.85188353,98.29940943
31.9381,-87.7549,US,Clarke,Alabama,3.892969842,96.61422027
32.4229,-86.3046,US,Montgomery,Alabama,34.25838071,92.02046721
32.6488,-85.3498,US,Lee,Alabama,72.92724351,109.6333832
33.1789,-87.5501,US,Tuscaloosa,Alabama,82.20315566,172.9049865
33.1899,-86.3057,US,Talladega,Alabama,33.09550987,84.0627149
33.4492,-86.8409,US,Jefferson,Alabama,20.81352538,73.01707555
33.5611,-86.7484,US,Jefferson,Alabama,59.16090137,127.7657441
33.5693,-86.7657,US,Jefferson,Alabama,22.4758212,25.37752542
33.6061,-85.8392,US,Calhoun,Alabama,28.51444455,48.58384242
33.9437,-87.8511,US,Marion,Alabama,93.83767904,140.9496611
34.0227,-86.0909,US,Etowah,Alabama,30.59022262,39.26121847
34.3954,-86.9131,US,Morgan,Alabama,49.93140698,76.92551344
34.4725,-85.6947,US,DeKalb,Alabama,46.47326746,79.49137074
34.6254,-87.0387,US,Morgan,Alabama,43.32434434,104.637318
34.6481,-86.7386,US,Madison,Alabama,67.38189749,70.18929674
34.7267,-87.6611,US,Colbert,Alabama,32.31627311,89.31166206
34.7928,-86.577,US,Madison,Alabama,14.36559857,61.39298307
55.3508,-131.6777,US,Ketchikan Gateway,Alaska,37.06721352,52.04219184
57.0522,-135.3429,US,Sitka,Alaska,41.63167409,112.894266
57.7652,-152.5141,US,Kodiak Island,Alaska,98.1609088,131.552211
58.3585,-134.5857,US,Juneau,Alaska,96.52607957,116.314954
59.6388,-151.5047,US,Kenai Peninsula,Alaska,79.34351067,160.0110553
60.5578,-151.2568,US,Kenai Peninsula,Alaska,46.23087607,52.62525086
61.1943,-150.0046,US,Anchorage,Alaska,93.11707933,122.2781458
64.8159,-147.8749,US,Fairbanks North Star,Alaska,71.07176185,165.9118484
31.35,-110.95,US,Santa Cruz,Arizona,63.24011201,132.2012223
31.3582,-110.9521,US,Santa Cruz,Arizona,38.63937224,102.8511649
31.5545,-110.2156,US,Cochise,Arizona,65.41720884,81.16091283
32.1997,-110.9578,US,Pima,Arizona,47.16631351,57.15806988
32.6838,-114.5902,US,Yuma,Arizona,5.211787571,35.53934986
32.8313,-109.7139,US,Graham,Arizona,1.361116658,88.90391797
32.894,-111.7611,US,Pinal,Arizona,94.69948567,157.7784227
33.3838,-111.7473,US,Maricopa,Arizona,92.62229282,157.244812
33.3917,-110.7647,US,Gila,Arizona,29.33195179,98.29301226
33.4129,-111.9001,US,Maricopa,Arizona,88.32101376,155.6305419
33.424,-112.0213,US,Maricopa,Arizona,81.91997231,84.22852201
33.4646,-112.2164,US,Maricopa,Arizona,74.38214548,173.0146891
33.483,-112.1255,US,Maricopa,Arizona,82.16826855,88.94177397
34.231,-111.3338,US,Gila,Arizona,72.16192057,167.7073758
34.2504,-110.0307,US,Navajo,Arizona,87.47582567,114.8094522
34.4962,-114.3527,US,Mohave,Arizona,26.76585813,79.10067295
34.5702,-111.8543,US,Yavapai,Arizona,65.06860114,153.9066484
34.586,-112.2962,US,Yavapai,Arizona,43.30020876,55.00323551
34.9237,-110.1456,US,Navajo,Arizona,89.44408669,162.5144782
35.1064,-114.6148,US,Mohave,Arizona,91.09542646,92.52306275
35.1969,-111.6184,US,Coconino,Arizona,46.10011651,59.55515128
35.2616,-113.9549,US,Mohave,Arizona,35.84715236,98.57354656
36.9077,-111.466,US,Coconino,Arizona,56.27911363,143.3262666
33.1349,-92.4911,US,Union,Arkansas,22.43441511,79.72159923
33.4779,-94.01,US,Miller,Arkansas,81.78732198,107.0152425
33.5289,-91.4201,US,Chicot,Arkansas,17.88530618,23.83657117
33.5861,-92.8299,US,Ouachita,Arkansas,99.16861903,109.9225321
34.2256,-92.0229,US,Jefferson,Arkansas,53.81298368,64.18223299
34.2276,-91.9887,US,Jefferson,Arkansas,14.45232185,68.2594882
34.3797,-92.8277,US,Hot Spring,Arkansas,37.35375843,99.66715633
34.5189,-93.1256,US,Garland,Arkansas,75.26950446,132.4705912
34.718,-92.2249,US,Pulaski,Arkansas,93.47776638,100.7232399
35.015,-90.7677,US,St. Francis,Arkansas,6.57886767,90.54829711
35.0898,-92.4113,US,Faulkner,Arkansas,59.27754497,114.1769976
35.2384,-91.7165,US,White,Arkansas,73.48636468,147.0737858
35.2826,-93.1348,US,Pope,Arkansas,2.064692162,38.42394176
35.332,-94.4041,US,Sebastian,Arkansas,58.71854727,79.62803105
35.728,-91.6375,US,Independence,Arkansas,97.90266359,134.2120147
35.8081,-90.6421,US,Craighead,Arkansas,63.45308631,109.5924115
35.891,-89.9237,US,Mississippi,Arkansas,90.29015794,162.5715618
36.1671,-94.1256,US,Washington,Arkansas,79.73832,166.4470772
36.2109,-90.9586,US,Randolph,Arkansas,21.64742441,97.3838578
36.2487,-93.144,US,Boone,Arkansas,67.63522077,75.15493238
36.3369,-92.3889,US,Baxter,Arkansas,83.95163798,97.20392075
32.5549,-116.9341,US,San Diego,California,55.15637406,67.6312262
32.6549,-116.9684,US,San Diego,California,86.06444043,133.7898187
32.7301,-117.1909,US,San Diego,California,12.57135974,54.78895676
32.7926,-115.5762,US,Imperial,California,76.88172087,168.9607191
32.8098,-117.1407,US,San Diego,California,67.21302235,144.7413452
32.8291,-117.1514,US,San Diego,California,72.74300737,77.44133385
32.8339,-115.5714,US,Imperial,California,81.03799022,172.4713284
33.1419,-117.1856,US,San Diego,California,19.86159607,85.6004985
33.5918,-117.7292,US,Orange,California,63.75037399,145.3927539
33.6113,-114.6099,US,Riverside,California,68.93313407,167.4656665
33.6741,-117.8641,US,Orange,California,86.13759239,144.8274252
33.6769,-117.856,US,Orange,California,37.25302989,111.8918552
33.7535,-117.1805,US,Riverside,California,5.603108933,55.70696107
33.8129,-118.1406,US,Los Angeles,California,50.68510455,87.40390387
33.814,-117.8935,US,Orange,California,62.45615808,113.6751921
33.8317,-116.5162,US,Riverside,California,60.0594042,139.9828628
33.8757,-118.3091,US,Los Angeles,California,6.961173026,38.80143786
33.8823,-118.0516,US,Los Angeles,California,59.51744222,82.86665914
33.9438,-118.3827,US,Los Angeles,California,49.29147993,56.65114168
33.9903,-117.3419,US,Riverside,California,21.08879754,59.45690732
34.0101,-118.2052,US,Los Angeles,California,28.88025712,75.53923381
34.0469,-118.2691,US,Los Angeles,California,57.39019956,122.4919626
34.0484,-117.5861,US,San Bernardino,California,12.4006491,105.8057322
34.0526,-118.4314,US,Los Angeles,California,22.93402144,55.75802962
34.0648,-117.9845,US,Los Angeles,California,51.27575254,58.06753664
34.0667,-118.2211,US,Los Angeles,California,45.40986111,89.98118109
34.0743,-117.2559,US,San Bernardino,California,0.222346797,68.80135892
34.1164,-116.4576,US,San Bernardino,California,32.8145229,121.9425847
34.1945,-118.3611,US,Los Angeles,California,49.75411568,134.8570757
34.2,-118.9238,US,Ventura,California,18.28091116,101.6213635
34.2138,-118.4815,US,Los Angeles,California,80.17371931,161.5042398
34.2501,-119.2271,US,Ventura,California,54.20437335,153.6185506
34.296,-118.41,US,Los Angeles,California,54.54101124,61.91892297
34.4324,-119.8266,US,Santa Barbara,California,41.9441126,64.39853122
34.4749,-117.2831,US,San Bernardino,California,93.5402505,98.13935736
34.6603,-118.1343,US,Los Angeles,California,91.72249695,116.0921947
34.8832,-116.9825,US,San Bernardino,California,22.35837301,110.0081054
34.9187,-120.4391,US,Santa Barbara,California,23.46557849,102.9505818
35.0552,-118.1563,US,Kern,California,11.54975915,105.0482575
35.2562,-120.6433,US,San Luis Obispo,California,90.03703181,162.3098205
35.3943,-119.0362,US,Kern,California,56.37508756,63.42795186
35.6223,-117.6843,US,Kern,California,9.824940764,61.82408345
36.3419,-119.3903,US,Tulare,California,46.3221075,55.99411385
36.5747,-121.8102,US,Monterey,California,68.21119299,166.8587842
36.6936,-121.6754,US,Monterey,California,72.61964221,102.7067037
36.7647,-119.8296,US,Fresno,California,18.61568151,106.2746287
36.7716,-119.7226,US,Fresno,California,71.39533453,129.7909518
36.9846,-122.0348,US,Santa Cruz,California,56.33306732,58.84724283
37.2839,-120.4874,US,Merced,California,35.08119127,45.12568557
37.3092,-121.8604,US,Santa Clara,California,14.18753739,90.8422933
37.335,-121.8896,US,Santa Clara,California,11.34425099,30.38385197
37.3536,-121.9129,US,Santa Clara,California,99.13249498,101.7876322
37.3757,-118.4541,US,Inyo,California,0.818802028,28.1424629
37.4062,-121.9906,US,Santa Clara,California,28.40606628,88.88375791
37.4784,-122.1397,US,San Mateo,California,74.51290217,89.21088691
37.5621,-120.9054,US,Stanislaus,California,27.40996825,64.6985692
37.6591,-122.3825,US,San Mateo,California,87.60352094,106.7718783
37.7149,-122.2145,US,Alameda,California,10.78443387,99.54858129
37.7234,-121.398,US,San Joaquin,California,16.06200616,42.85155483
37.7645,-122.4057,US,San Francisco,California,73.4387468,97.26486382
37.7721,-121.9708,US,Contra Costa,California,53.48197966,119.4458438
37.7894,-122.402,US,San Francisco,California,79.9863314,171.1175192
37.8052,-122.311,US,Alameda,California,36.21159001,108.9006761
37.9377,-121.6963,US,Contra Costa,California,47.03784871,74.8584482
37.9553,-122.4978,US,Marin,California,23.48155466,39.37165949
37.9777,-121.2508,US,San Joaquin,California,70.90851666,152.5683012
37.9955,-122.3503,US,Contra Costa,California,3.743807395,10.62973461
37.9985,-122.0494,US,Contra Costa,California,82.0407204,128.5795287
38.0511,-120.5313,US,Calaveras,California,78.95885971,156.1366115
38.2094,-122.1416,US,Solano,California,32.23653664,100.4051173
38.2275,-122.5885,US,Sonoma,California,61.25690284,67.86139994
38.2494,-122.2741,US,Napa,California,69.71054341,123.4734436
38.4746,-122.7401,US,Sonoma,California,8.360156671,82.81725497
38.5584,-121.3089,US,Sacramento,California,24.72100384,101.2469426
38.5663,-121.3297,US,Sacramento,California,6.110757989,15.628218
38.5715,-121.5462,US,Yolo,California,78.7596427,132.3280613
38.7994,-121.223,US,Placer,California,90.17081802,98.64366637
38.9062,-120.0112,US,El Dorado,California,11.73688411,47.06844118
39.037,-122.9302,US,Lake,California,59.38828298,143.0456021
39.1074,-121.5623,US,Yuba,California,37.06909647,123.7602229
39.1331,-123.2047,US,Mendocino,California,88.95874362,152.2217034
39.1394,-123.2023,US,Mendocino,California,38.28415288,45.71801778
39.2192,-121.0136,US,Nevada,California,40.0473688,88.95029768
39.4072,-123.8095,US,Mendocino,California,43.27971919,86.22583534
39.52,-122.19,US,Glenn,California,34.75338666,67.02240173
39.7075,-121.8182,US,Butte,California,80.88282517,100.0850918
39.9273,-120.9211,US,Plumas,California,42.01105351,63.30311495
40.3748,-120.5803,US,Lassen,California,75.5873404,123.1700542
41.487,-120.5433,US,Modoc,California,22.20996975,91.5627304
41.7113,-122.6472,US,Siskiyou,California,87.74938324,144.2808443
41.8014,-124.1412,US,Del Norte,California,3.850382961,94.29560836
37.191,-104.495,US,Las Animas,Colorado,36.22995118,59.87356874
37.2389,-107.8747,US,La Plata,Colorado,20.58274227,56.16126815
37.4533,-105.8656,US,Alamosa,Colorado,23.73134133,122.8707194
38.0446,-103.512,US,Otero,Colorado,88.32920426,88.93366876
38.0869,-102.6196,US,Prowers,Colorado,62.19638029,137.2492975
38.2173,-104.6462,US,Pueblo,Colorado,23.91160593,97.24165468
38.4399,-105.2261,US,Fremont,Colorado,73.47500419,143.4122522
38.4789,-107.8777,US,Montrose,Colorado,11.17656346,29.57875103
38.5257,-105.9884,US,Chaffee,Colorado,11.24372484,85.6225498
38.5409,-106.9392,US,Gunnison,Colorado,98.77977524,122.0886019
38.8647,-104.6832,US,El Paso,Colorado,45.55731694,75.74985023
39.1197,-108.6548,US,Mesa,Colorado,2.80049499,93.62559944
39.3009,-102.3023,US,Kit Carson,Colorado,12.50220722,65.17298965
39.5533,-107.3268,US,Garfield,Colorado,42.77996354,119.4866738
39.566,-104.8585,US,Douglas,Colorado,54.09123946,82.5519136
39.6313,-106.0766,US,Summit,Colorado,92.5705217,175.4838106
39.7729,-104.9653,US,Denver,Colorado,47.49337868,132.3567368
39.7878,-104.9199,US,Adams,Colorado,80.97997118,115.5126439
39.8328,-104.6833,US,Denver,Colorado,15.66200419,96.75305549
40.022,-105.2466,US,Boulder,Colorado,23.58607908,72.21702123
40.1625,-105.0803,US,Boulder,Colorado,66.51665513,156.6737728
40.4327,-104.6871,US,Weld,Colorado,28.8898738,56.80637103
40.4647,-105.0813,US,Larimer,Colorado,27.85568765,76.58378556
40.4936,-106.9496,US,Routt,Colorado,14.69630481,74.04241291
40.5112,-107.5425,US,Moffat,Colorado,76.68146233,102.6384642
40.6251,-103.1988,US,Logan,Colorado,7.24846762,21.99994443
41.09,-73.4255,US,Fairfield,Connecticut,95.39183715,100.5013263
41.1728,-73.1503,US,Fairfield,Connecticut,64.6366203,121.9292397
41.2478,-72.9924,US,New Haven,Connecticut,39.33139772,134.1176002
41.3677,-72.126,US,New London,Connecticut,23.2352935,102.3920654
41.3682,-72.883,US,New Haven,Connecticut,86.38167551,123.4031798
41.4657,-73.3975,US,Fairfield,Connecticut,99.58585849,155.5875697
41.5651,-72.1535,US,New London,Connecticut,30.40654728,104.334617
41.6073,-73.0803,US,Litchfield,Connecticut,71.6234725,83.44588953
41.7453,-72.6645,US,Hartford,Connecticut,84.23916083,118.9290756
41.9271,-72.6319,US,Hartford,Connecticut,49.19026532,96.58722095
38.9426,-75.5641,US,Kent,Delaware,14.05707377,76.26329925
39.6893,-75.6998,US,New Castle,Delaware,19.71560916,63.85032403
38.9024,-77.0457,US,District of Columbia,District of Columbia,79.81358931,171.4796491
24.5552,-81.7796,US,Monroe,Florida,84.68926148,130.652421
24.9147,-80.6368,US,Monroe,Florida,50.16948084,57.34684318
25.5291,-80.4208,US,Miami-Dade,Florida,40.58273419,47.84438929
25.7941,-80.3004,US,Miami-Dade,Florida,69.83840935,106.7206422
25.797,-80.3155,US,Miami-Dade,Florida,85.58264848,126.9523984
25.8064,-80.3049,US,Miami-Dade,Florida,50.52889358,62.33344423
25.807,-80.2935,US,Miami-Dade,Florida,80.12020672,114.1004148
25.8773,-80.267,US,Miami-Dade,Florida,9.898754145,85.15612632
25.8802,-80.2671,US,Miami-Dade,Florida,80.35695916,178.5035654
26.0368,-80.1656,US,Broward,Florida,96.79794414,115.7580451
26.0816,-80.1518,US,Broward,Florida,95.89015988,173.8136026
26.1454,-80.2104,US,Broward,Florida,23.55765318,89.95715388
26.1605,-81.7525,US,Collier,Florida,69.19659216,103.9992655
26.3214,-80.1226,US,Broward,Florida,60.57882809,95.4160023
26.5436,-81.7735,US,Lee,Florida,73.56348037,140.0971141
26.6181,-81.8437,US,Lee,Florida,48.91932021,75.51253532
26.6859,-80.0776,US,Palm Beach,Florida,10.72766445,34.52077063
26.7797,-80.0757,US,Palm Beach,Florida,80.76425396,82.58571051
26.9678,-82.069,US,Charlotte,Florida,81.78039376,173.1869986
27.1591,-80.2212,US,Martin,Florida,32.54423652,120.3737987
27.3523,-82.5318,US,Sarasota,Florida,66.833127,80.33840059
27.3742,-80.3343,US,St. Lucie,Florida,67.10119798,166.8363091
27.477,-82.5544,US,Manatee,Florida,50.20560677,96.70278977
27.6678,-80.4333,US,Indian River,Florida,52.40299992,141.7669845
27.8864,-82.71,US,Pinellas,Florida,93.047609,167.8129468
27.903,-82.6799,US,Pinellas,Florida,65.31373261,164.9529169
27.9061,-81.5914,US,Polk,Florida,86.62168088,178.3342982
27.961,-82.3853,US,Hillsborough,Florida,82.06030017,92.07092203
27.9851,-82.7537,US,Pinellas,Florida,54.68456717,96.02244865
28.035,-82.5296,US,Hillsborough,Florida,31.15766153,120.6880193
28.0427,-81.9043,US,Polk,Florida,19.06570368,94.22953937
28.044,-80.591,US,Brevard,Florida,42.25488355,81.88504257
28.2781,-82.7028,US,Pasco,Florida,3.011423931,89.41792246
28.3297,-80.7341,US,Brevard,Florida,44.23107681,88.47384001
28.4386,-81.3594,US,Orange,Florida,86.90997753,121.663453
28.4509,-81.3177,US,Orange,Florida,2.116542053,79.45181821
28.6176,-82.3535,US,Hernando,Florida,87.26069417,158.7393261
28.688,-81.352,US,Seminole,Florida,80.80924118,93.7984113
28.8287,-81.9076,US,Lake,Florida,26.26685913,97.78344616
29.1842,-82.1699,US,Marion,Florida,63.00925818,108.3594307
29.1937,-81.0791,US,Volusia,Florida,7.486099648,7.510908101
29.7192,-82.3511,US,Alachua,Florida,7.561571617,79.0625604
29.8958,-81.3156,US,St. Johns,Florida,54.40703005,144.2487939
30.1903,-82.6302,US,Columbia,Florida,46.92550996,87.11205792
30.2161,-85.6454,US,Bay,Florida,30.46640833,57.28891912
30.3593,-81.7239,US,Duval,Florida,51.18228818,100.8474056
30.3771,-81.7953,US,Duval,Florida,90.08687077,96.71923081
30.4097,-86.6281,US,Okaloosa,Florida,76.93801865,147.2033116
30.4695,-84.3597,US,Leon,Florida,59.88045877,83.87559121
30.485,-81.685,US,Duval,Florida,1.556504607,94.49800618
30.4867,-87.2918,US,Escambia,Florida,90.05836271,152.226743
30.4871,-81.6616,US,Duval,Florida,57.2024006,146.7021581
30.7646,-85.5232,US,Washington,Florida,55.67725863,130.2248333
30.803,-83.2781,US,Lowndes,Georgia,63.53709315,128.4168352
30.8794,-84.2121,US,Grady,Georgia,29.2477005,60.59163787
31.19,-81.4975,US,Glynn,Georgia,44.39810731,56.81223626
31.3057,-82.2321,US,Pierce,Georgia,95.98958292,101.214828
31.4465,-83.5103,US,Tift,Georgia,50.63635772,64.9261098
31.5333,-84.186,US,Dougherty,Georgia,51.72402575,79.29886143
31.5581,-84.1006,US,Dougherty,Georgia,89.545997,109.6802484
32.078,-81.1962,US,Chatham,Georgia,16.38968881,89.81195169
32.1218,-81.1964,US,Chatham,Georgia,37.74638259,69.71935295
32.2387,-83.7597,US,Dooly,Georgia,25.96493788,71.48181835
32.3893,-81.8276,US,Bulloch,Georgia,26.44025179,115.9041625
32.527,-84.9736,US,Muscogee,Georgia,90.57556212,171.6318534
32.574,-82.3287,US,Emanuel,Georgia,92.63374523,121.497852
32.8129,-83.6302,US,Bibb,Georgia,31.86003617,122.0231349
32.9891,-85.0379,US,Troup,Georgia,86.41400234,114.5377184
33.2508,-84.2485,US,Spalding,Georgia,74.93733141,172.1731926
33.3745,-84.5773,US,Fayette,Georgia,69.20759282,73.30107722
33.4004,-82.6593,US,Warren,Georgia,14.78537518,32.03324995
33.4515,-82.0368,US,Richmond,Georgia,64.67841611,73.45690224
33.5497,-84.6031,US,Fulton,Georgia,28.34514922,49.4586545
33.5867,-85.0994,US,Carroll,Georgia,63.89273433,157.4665616
33.6567,-84.4295,US,Fulton,Georgia,33.68012926,62.02150036
33.7602,-84.5398,US,Fulton,Georgia,25.77563094,109.0409162
33.8971,-84.2425,US,DeKalb,Georgia,84.04375625,95.87373253
33.9165,-84.2269,US,Gwinnett,Georgia,32.04491224,83.30957596
33.9422,-83.4811,US,Clarke,Georgia,77.27343131,151.7996543
34.05,-84.3219,US,Fulton,Georgia,98.67461185,166.9029134
34.0588,-84.6371,US,Cobb,Georgia,44.94049504,96.66063694
34.0589,-84.6374,US,Cobb,Georgia,7.101482513,94.74221902
34.2628,-83.862,US,Hall,Georgia,8.617725119,89.83673772
34.2732,-85.2463,US,Floyd,Georgia,48.08801655,96.31219518
34.3739,-83.221,US,Franklin,Georgia,34.31687886,100.8918668
34.6916,-84.9915,US,Whitfield,Georgia,63.86461165,130.2119787
34.77,-84.97,US,Whitfield,Georgia,58.94174966,81.52535077
19.6434,-155.9951,US,Hawaii,Hawaii,15.71020336,23.77000166
19.7249,-155.0886,US,Hawaii,Hawaii,89.71942144,95.32034504
20.8943,-156.4391,US,Maui,Hawaii,92.88822942,112.15077
20.8945,-156.4385,US,Maui,Hawaii,94.31025631,120.6618907
21.3213,-157.9122,US,Honolulu,Hawaii,5.417061553,99.29382964
21.9815,-159.3479,US,Kauai,Hawaii,1.961779608,76.36839259
42.55,-113.7571,US,Minidoka,Idaho,15.421636,71.4111459
42.5905,-114.4575,US,Twin Falls,Idaho,80.84590555,122.9654597
42.6568,-111.5949,US,Caribou,Idaho,84.53110988,156.0827932
42.8834,-112.4674,US,Bannock,Idaho,57.00645426,135.9560135
43.137,-115.6849,US,Elmore,Idaho,41.93303245,82.92310092
43.4924,-112.0496,US,Bonneville,Idaho,29.57951835,71.1964235
43.516,-114.314,US,Blaine,Idaho,78.73773495,135.5023819
43.566,-116.2452,US,Ada,Idaho,58.4996166,136.729685
43.6008,-116.5464,US,Canyon,Idaho,55.2622613,59.74539976
43.6314,-116.2508,US,Ada,Idaho,45.98808511,62.63905013
43.8562,-111.7668,US,Madison,Idaho,2.29922815,18.62985701
44.078,-116.9382,US,Payette,Idaho,49.75858414,58.96406675
44.8978,-116.1005,US,Valley,Idaho,14.16102426,113.5923647
45.1764,-113.8974,US,Lemhi,Idaho,7.895416754,72.92911952
45.9331,-116.1278,US,Idaho,Idaho,39.51258511,41.51375597
46.4217,-117.0034,US,Nez Perce,Idaho,5.64886863,91.73581627
47.7045,-116.808,US,Kootenai,Idaho,34.80979179,93.2661141
48.289,-116.56,US,Bonner,Idaho,19.32951778,39.92504237
37.735,-88.9318,US,Williamson,Illinois,34.54061418,54.45420773
38.5031,-89.1289,US,Marion,Illinois,48.68301075,102.1539757
38.5465,-90.0708,US,St. Clair,Illinois,52.47852916,65.82926023
38.6651,-90.1749,US,Madison,Illinois,46.26560693,142.383325
38.7131,-88.0904,US,Richland,Illinois,63.6788944,79.2917271
38.8846,-90.0563,US,Madison,Illinois,82.92507952,164.0999944
39.4635,-88.3712,US,Coles,Illinois,8.770390984,51.95137097
39.7232,-90.2165,US,Morgan,Illinois,7.433201894,102.4172979
39.7854,-89.6042,US,Sangamon,Illinois,97.20162406,147.4562356
39.8345,-88.8786,US,Macon,Illinois,69.64871359,160.1530412
39.8606,-88.9291,US,Macon,Illinois,49.96482765,95.97473266
39.8779,-88.9482,US,Macon,Illinois,87.67754267,123.5968895
40.0082,-91.3761,US,Adams,Illinois,33.9870269,75.9133114
40.1016,-87.6317,US,Vermilion,Illinois,72.17911553,74.19662429
40.1225,-88.2195,US,Champaign,Illinois,96.89716435,127.8017088
40.1489,-88.2734,US,Champaign,Illinois,92.92172067,142.4239753
40.4503,-89.015,US,McLean,Illinois,44.1092241,74.29743204
40.6727,-89.5814,US,Tazewell,Illinois,90.7405768,156.5601526
40.7134,-89.5793,US,Peoria,Illinois,99.04226456,125.7816384
40.9247,-90.402,US,Knox,Illinois,58.56756375,150.107474
41.0839,-87.8747,US,Kankakee,Illinois,40.5872162,107.0069696
41.329,-89.1131,US,LaSalle,Illinois,25.89753716,47.74367421
41.4534,-90.5439,US,Rock Island,Illinois,47.10779263,88.1809417
41.5048,-88.1246,US,Will,Illinois,96.92745785,177.3267013
41.5864,-87.6461,US,Cook,Illinois,61.46167053,114.3187556
41.6929,-87.6005,US,Cook,Illinois,28.85338207,80.04188976
41.7595,-87.7865,US,Cook,Illinois,63.76245434,142.9333272
41.7714,-88.1995,US,DuPage,Illinois,62.00016051,71.76460899
41.7736,-87.9809,US,DuPage,Illinois,10.41819773,36.11502316
41.774,-89.6865,US,Whiteside,Illinois,33.50297592,47.64539743
41.8631,-87.642,US,Cook,Illinois,33.60447421,90.96866969
41.87,-87.65,US,Cook,Illinois,41.55219116,108.3752774
41.8985,-88.7691,US,DeKalb,Illinois,75.53729183,78.57557554
41.9249,-88.0237,US,DuPage,Illinois,18.01598462,91.66785891
41.9408,-87.8932,US,Cook,Illinois,4.079373036,17.97662458
41.9579,-87.9026,US,Cook,Illinois,27.61957971,63.91933443
42.1069,-87.8294,US,Cook,Illinois,10.80086593,36.43105649
42.1388,-88.0339,US,Cook,Illinois,99.05569207,182.0466334
42.2,-89.09,US,Winnebago,Illinois,43.69900479,118.224141
42.3019,-89.614,US,Stephenson,Illinois,49.79051139,98.71087481
42.3837,-87.902,US,Lake,Illinois,32.62681253,80.09176236
38.0011,-87.5636,US,Vanderburgh,Indiana,51.25610643,94.06432964
38.3061,-86.9618,US,Dubois,Indiana,29.83975595,118.6067499
38.332,-85.7564,US,Clark,Indiana,81.99568392,171.7412449
38.6569,-87.1752,US,Daviess,Indiana,11.43388587,72.68779274
39.066,-85.2583,US,Ripley,Indiana,12.06847831,69.01517903
39.1495,-86.5759,US,Monroe,Indiana,55.81957581,137.2356695
39.1861,-85.8888,US,Bartholomew,Indiana,45.20064687,130.5605647
39.4337,-87.318,US,Vigo,Indiana,41.36454382,108.655502
39.7884,-86.1731,US,Marion,Indiana,74.84917713,86.5145357
39.8198,-84.9899,US,Wayne,Indiana,1.888237916,46.61369357
39.9001,-86.2546,US,Marion,Indiana,47.26169978,144.3430604
39.9125,-86.0391,US,Marion,Indiana,41.57671765,119.4442217
40.0537,-86.9052,US,Montgomery,Indiana,68.86257218,70.03461332
40.096,-85.6773,US,Madison,Indiana,7.028790949,92.56371319
40.1637,-85.4073,US,Delaware,Indiana,31.44907123,67.24137858
40.4188,-86.8499,US,Tippecanoe,Indiana,41.6989962,95.98693972
40.495,-86.1031,US,Howard,Indiana,82.02659878,103.50423
40.5394,-85.6478,US,Grant,Indiana,33.48402911,110.3121969
40.986,-85.1988,US,Allen,Indiana,44.92172532,122.6928397
41.1096,-85.1766,US,Allen,Indiana,68.80220055,101.362546
41.2977,-86.1354,US,Marshall,Indiana,42.94952297,83.68414594
41.435,-85.0493,US,DeKalb,Indiana,14.76291899,36.67538303
41.5421,-86.9089,US,LaPorte,Indiana,82.84312687,156.4814335
41.5884,-87.5188,US,Lake,Indiana,53.37783386,134.9834427
41.61,-86.72,US,LaPorte,Indiana,8.788056306,44.52050237
41.6597,-85.9934,US,Elkhart,Indiana,13.37602465,112.0642417
41.7077,-86.3029,US,St. Joseph,Indiana,53.72119912,134.3420176
40.8263,-91.189,US,Des Moines,Iowa,81.98675431,136.973213
41.0144,-95.2652,US,Montgomery,Iowa,48.13402004,64.47817228
41.0246,-92.4253,US,Wapello,Iowa,3.560257274,39.22228115
41.056,-94.3598,US,Union,Iowa,0.0716342,7.242275525
41.3121,-92.6458,US,Mahaska,Iowa,22.41484715,44.09291427
41.5266,-93.6623,US,Polk,Iowa,82.68727695,135.2772191
41.5978,-90.5913,US,Scott,Iowa,28.52762453,61.08958099
41.6189,-93.5893,US,Polk,Iowa,16.57058539,74.16157853
41.6823,-94.5057,US,Guthrie,Iowa,31.3142752,84.85936951
41.6938,-91.5841,US,Johnson,Iowa,14.40026891,39.08211564
41.8907,-91.6898,US,Linn,Iowa,77.28337898,163.9194843
42.0189,-95.318,US,Crawford,Iowa,32.90822621,36.5404298
42.0227,-93.6028,US,Story,Iowa,89.87177341,99.54404696
42.0358,-92.8937,US,Marshall,Iowa,43.54830378,46.32345908
42.0478,-91.6784,US,Linn,Iowa,4.13900347,79.47203317
42.5012,-94.2124,US,Webster,Iowa,63.5381986,114.0184134
42.505,-96.3807,US,Woodbury,Iowa,69.56300669,153.7200194
42.506,-92.3327,US,Black Hawk,Iowa,18.42462245,69.74213336
42.5289,-90.6481,US,Dubuque,Iowa,50.00984419,136.3473152
43.1483,-93.2273,US,Cerro Gordo,Iowa,31.81061868,61.31315058
43.1672,-95.1429,US,Clay,Iowa,15.7212401,104.0424657
43.2984,-91.7931,US,Winneshiek,Iowa,10.67979863,103.8280071
37.3242,-95.2674,US,Labette,Kansas,55.26901733,104.7775985
37.4105,-94.7005,US,Crawford,Kansas,83.53870651,104.1903229
37.6412,-97.3892,US,Sedgwick,Kansas,56.72158453,103.1082461
37.6582,-97.4305,US,Sedgwick,Kansas,11.16210991,93.9646849
37.7544,-100.0467,US,Ford,Kansas,26.03769379,27.18467668
37.9911,-100.8796,US,Finney,Kansas,70.37461449,110.4166313
38.0697,-97.8855,US,Reno,Kansas,3.500404642,38.1384744
38.3603,-98.7696,US,Barton,Kansas,22.85688441,47.90136393
38.4051,-96.2229,US,Lyon,Kansas,85.45988417,86.81063499
38.6303,-95.2718,US,Franklin,Kansas,56.4537421,125.2420166
38.8489,-97.6389,US,Saline,Kansas,45.09169289,126.0900833
38.8711,-99.3134,US,Ellis,Kansas,40.09964689,50.15455691
38.9367,-94.7518,US,Johnson,Kansas,64.84833441,148.5937841
38.9871,-96.8568,US,Geary,Kansas,97.90480316,145.1351325
38.9888,-95.2319,US,Douglas,Kansas,11.11649982,44.02401063
39.0581,-95.666,US,Shawnee,Kansas,24.49343568,107.0168779
39.1077,-94.6126,US,Wyandotte,Kansas,4.830033504,85.32515807
39.1928,-96.5552,US,Pottawatomie,Kansas,45.40308826,139.0640599
39.35,-101.7,US,Sherman,Kansas,63.51855716,70.91269553
39.3844,-101.0379,US,Thomas,Kansas,96.83035264,130.8041663
36.843,-87.4602,US,Christian,Kentucky,29.13730266,77.19961677
36.8639,-83.3452,US,Harlan,Kentucky,1.294339703,7.353524893
36.9635,-86.4849,US,Warren,Kentucky,89.95025758,187.9299668
37.0237,-88.5308,US,McCracken,Kentucky,86.31171276,132.6094985
37.09,-84.6395,US,Pulaski,Kentucky,92.1622369,93.12016224
37.0989,-84.0682,US,Laurel,Kentucky,69.19091812,165.3225028
37.2851,-83.2233,US,Perry,Kentucky,83.80888233,160.4658229
37.3305,-85.3594,US,Taylor,Kentucky,65.01662185,105.4469805
37.3793,-87.4894,US,Hopkins,Kentucky,39.43132177,110.7096751
37.4386,-82.543,US,Pike,Kentucky,37.12792459,99.48951421
37.6434,-84.7895,US,Boyle,Kentucky,93.50296767,171.6647416
37.6677,-82.7828,US,Floyd,Kentucky,66.8773897,100.4981515
37.7827,-87.1447,US,Daviess,Kentucky,55.27153052,68.29682047
37.8532,-83.8587,US,Powell,Kentucky,11.47023236,40.75594428
38.0437,-84.5963,US,Fayette,Kentucky,63.76686646,94.48380567
38.0765,-84.5278,US,Fayette,Kentucky,9.561489644,82.50239754
38.1716,-85.6402,US,Jefferson,Kentucky,11.55331249,52.43114297
38.1745,-85.7206,US,Jefferson,Kentucky,34.26848287,100.2872576
38.1878,-85.6856,US,Jefferson,Kentucky,54.93959657,145.836393
38.2097,-85.549,US,Jefferson,Kentucky,61.43850113,74.65818549
38.2206,-85.5497,US,Jefferson,Kentucky,9.751113272,75.42559794
38.4506,-82.651,US,Boyd,Kentucky,31.88526615,38.40109931
38.6379,-83.7963,US,Mason,Kentucky,90.79364406,159.640303
38.68,-85.18,US,Carroll,Kentucky,7.581229582,51.72964715
38.9809,-84.6009,US,Kenton,Kentucky,61.07928782,88.88514464
39.0777,-84.6693,US,Boone,Kentucky,4.033949909,40.23041104
29.6975,-90.7864,US,Terrebonne,Louisiana,21.51798538,108.9054444
29.8693,-90.0845,US,Jefferson,Louisiana,66.99240643,89.10444122
29.9196,-90.2077,US,Jefferson,Louisiana,66.71326745,68.70611687
29.9698,-90.1771,US,Jefferson,Louisiana,19.12937732,51.0798464
29.9844,-91.7732,US,Iberia,Louisiana,52.6391608,105.3206463
29.9863,-90.2718,US,Jefferson,Louisiana,89.79436433,108.9732824
30.1697,-91.9831,US,Lafayette,Louisiana,34.77054989,47.04260413
30.2097,-91.9952,US,Lafayette,Louisiana,6.341023321,9.670088814
30.2193,-90.9292,US,Ascension,Louisiana,23.81709325,118.9562252
30.2351,-93.1836,US,Calcasieu,Louisiana,66.19791896,66.85059285
30.31,-91.77,US,St. Martin,Louisiana,88.2029911,156.8125082
30.4063,-90.0858,US,St. Tammany,Louisiana,75.21177823,164.854775
30.4401,-92.0706,US,St. Landry,Louisiana,46.36966753,87.83145413
30.4446,-91.2127,US,West Baton Rouge,Louisiana,19.99530695,28.23084442
30.5009,-90.4826,US,Tangipahoa,Louisiana,46.23270099,65.59845287
30.5307,-91.1615,US,East Baton Rouge,Louisiana,54.7023166,62.74477522
31.2646,-92.4518,US,Rapides,Louisiana,42.12096134,59.2095414
31.7767,-93.0861,US,Natchitoches,Louisiana,84.77543828,96.20566555
32.4574,-93.8229,US,Caddo,Louisiana,82.13728846,118.2544966
32.4638,-91.5001,US,Richland,Louisiana,80.0698412,137.2351963
32.4823,-93.7671,US,Caddo,Louisiana,20.99620651,77.24364259
32.5028,-92.0859,US,Ouachita,Louisiana,15.20811427,81.80528572
32.5304,-92.6346,US,Lincoln,Louisiana,24.62744443,70.17171524
43.3011,-70.5756,US,York,Maine,62.93321493,92.68917881
43.6405,-70.3217,US,Cumberland,Maine,48.12451613,65.96290723
44.0445,-70.2931,US,Androscoggin,Maine,62.50176316,82.31989566
44.0867,-69.1234,US,Knox,Maine,38.30185318,93.10455611
44.5567,-69.6321,US,Kennebec,Maine,33.11507867,129.9753408
44.7886,-68.7609,US,Penobscot,Maine,80.25828541,106.3769179
45.1848,-67.2661,US,Washington,Maine,61.70676831,72.9249659
46.1406,-67.8401,US,Aroostook,Maine,35.91630152,87.30663997
46.6922,-68.0326,US,Aroostook,Maine,96.44640494,139.4451754
38.404,-75.5778,US,Wicomico,Maryland,75.79562576,119.7061531
38.6199,-76.9079,US,Charles,Maryland,81.39279991,108.8899386
38.7735,-76.0667,US,Talbot,Maryland,95.94895775,130.8849443
38.9406,-76.8634,US,Prince George\'s,Maryland,4.302404572,77.34270965
38.942,-76.8684,US,Prince George\'s,Maryland,64.61058304,126.0551175
39.0934,-76.8994,US,Prince George\'s,Maryland,0.369963971,83.96945524
39.118,-77.193,US,Montgomery,Maryland,40.90369393,79.27669519
39.1877,-76.6611,US,Anne Arundel,Maryland,55.05787602,59.08214944
39.2626,-76.675,US,Baltimore City,Maryland,66.58038995,102.2557322
39.2996,-76.5375,US,Baltimore City,Maryland,40.13807793,111.2430207
39.3631,-77.4326,US,Frederick,Maryland,20.86713511,87.24811191
39.5203,-76.6433,US,Baltimore,Maryland,16.45773367,105.5522183
39.6126,-77.7308,US,Washington,Maryland,79.51656225,98.72001206
39.6284,-77.7978,US,Washington,Maryland,4.112147306,34.48720957
39.6313,-78.766,US,Allegany,Maryland,40.10645631,93.03327668
41.2621,-70.0724,US,Nantucket,Massachusetts,51.83239698,73.75059901
41.4453,-70.6087,US,Dukes,Massachusetts,54.91517181,111.5904694
41.652,-71.004,US,Bristol,Massachusetts,10.17858938,87.66800804
41.6814,-70.2571,US,Barnstable,Massachusetts,64.00547777,126.0299916
41.7799,-70.5312,US,Barnstable,Massachusetts,52.92640062,61.40009764
41.9478,-71.1261,US,Bristol,Massachusetts,57.82066472,140.353359
42.0501,-71.0034,US,Plymouth,Massachusetts,13.90382093,79.78928671
42.1433,-72.6247,US,Hampden,Massachusetts,46.00282049,110.5078156
42.2076,-71.1795,US,Norfolk,Massachusetts,78.77707256,111.7689763
42.2508,-71.429,US,Middlesex,Massachusetts,66.30991245,98.50671867
42.2603,-71.7924,US,Worcester,Massachusetts,5.152421655,72.01361769
42.3393,-71.0425,US,Suffolk,Massachusetts,38.23804132,109.7919728
42.363,-71.1539,US,Middlesex,Massachusetts,30.76038093,113.7615908
42.3692,-71.027,US,Suffolk,Massachusetts,74.10043043,87.72312185
42.3775,-71.0796,US,Middlesex,Massachusetts,73.90234462,92.48049672
42.4593,-73.1903,US,Berkshire,Massachusetts,82.54769782,175.6859204
42.477,-72.6201,US,Franklin,Massachusetts,71.12612302,154.2380311
42.5065,-71.0344,US,Essex,Massachusetts,1.964305549,94.10691147
42.5329,-71.7358,US,Worcester,Massachusetts,16.8608888,38.37918602
42.6001,-71.3046,US,Middlesex,Massachusetts,93.31050158,122.2327522
41.8906,-84.0209,US,Lenawee,Michigan,96.61372461,104.9277929
41.8984,-83.4307,US,Monroe,Michigan,91.85610326,140.7367863
42.0561,-86.4621,US,Berrien,Michigan,74.99509456,85.83698404
42.2099,-83.3268,US,Wayne,Michigan,83.80431191,155.2484733
42.2115,-83.2886,US,Wayne,Michigan,85.76147256,167.8624265
42.2332,-83.6324,US,Washtenaw,Michigan,85.04556899,103.6064835
42.2402,-85.6824,US,Kalamazoo,Michigan,2.380464845,39.60298939
42.2412,-84.4095,US,Jackson,Michigan,56.11359093,122.3756475
42.3181,-83.0855,US,Wayne,Michigan,5.854506937,12.52381283
42.3187,-85.1908,US,Calhoun,Michigan,70.4765264,108.0913512
42.3441,-83.1327,US,Wayne,Michigan,95.30004998,109.4219634
42.383,-83.3383,US,Wayne,Michigan,9.281002328,65.71227466
42.4427,-83.0049,US,Wayne,Michigan,18.62607479,74.69230564
42.5138,-83.5374,US,Oakland,Michigan,92.89702154,99.1279673
42.5253,-83.0891,US,Oakland,Michigan,15.03251758,86.99868912
42.6606,-83.3218,US,Oakland,Michigan,26.71977511,122.3145731
42.6732,-84.5277,US,Ingham,Michigan,57.60550837,79.29093281
42.7727,-84.6077,US,Clinton,Michigan,86.44627835,183.457971
42.8552,-85.6836,US,Kent,Michigan,12.72696439,77.56128749
42.9502,-82.4414,US,St. Clair,Michigan,76.87490613,137.549811
42.9751,-83.7554,US,Genesee,Michigan,18.12386258,94.2664721
43.01,-83.69,US,Genesee,Michigan,23.51478541,31.6096518
43.2067,-86.2146,US,Muskegon,Michigan,69.21875218,150.1792221
43.4655,-83.9784,US,Saginaw,Michigan,33.73715125,53.1482183
43.5891,-83.1816,US,Tuscola,Michigan,65.80567441,78.19385319
43.6124,-84.7678,US,Isabella,Michigan,8.972995442,65.61193429
43.7204,-85.4639,US,Mecosta,Michigan,54.37088027,89.18570581
43.9468,-86.4276,US,Mason,Michigan,99.71560401,105.5129513
44.244,-85.3909,US,Wexford,Michigan,75.63362776,110.8902434
44.2652,-84.2277,US,Ogemaw,Michigan,17.35535267,21.72486147
44.7153,-85.5992,US,Grand Traverse,Michigan,63.77362386,124.1860805
45.0151,-84.6871,US,Otsego,Michigan,10.10372866,22.9090726
45.0613,-83.5118,US,Alpena,Michigan,3.675189704,91.84182924
45.3685,-84.9594,US,Emmet,Michigan,63.4642869,121.1608259
45.7661,-87.0798,US,Delta,Michigan,16.75622786,88.7161516
45.804,-88.0855,US,Dickinson,Michigan,3.496683171,73.35430928
46.2325,-84.6003,US,Chippewa,Michigan,62.62366436,140.9971642
46.4443,-90.155,US,Gogebic,Michigan,80.43909954,146.9170017
46.5439,-87.3916,US,Marquette,Michigan,26.8449562,86.06629421
47.108,-88.5483,US,Houghton,Michigan,97.61607703,178.2840776
43.6282,-93.3571,US,Freeborn,Minnesota,54.13616097,104.7628098
43.9809,-94.6147,US,Watonwan,Minnesota,83.73642321,156.0586586
43.9964,-95.7637,US,Murray,Minnesota,74.17617943,94.62168403
44.0398,-92.5028,US,Olmsted,Minnesota,19.05245271,78.02537627
44.0412,-91.6088,US,Winona,Minnesota,78.82793155,85.53538604
44.0912,-93.2685,US,Steele,Minnesota,11.2819301,45.4774505
44.1841,-94.0536,US,Nicollet,Minnesota,52.13935866,144.3751663
44.2967,-93.2955,US,Rice,Minnesota,79.28354375,136.8766666
44.5583,-92.5675,US,Goodhue,Minnesota,46.66285775,97.38077745
44.7682,-94.1357,US,McLeod,Minnesota,23.46092566,102.6745262
44.8102,-95.5568,US,Yellow Medicine,Minnesota,73.92765949,96.01902524
44.8279,-93.1095,US,Dakota,Minnesota,54.08113335,111.4031607
44.8687,-93.2348,US,Hennepin,Minnesota,85.73340208,100.9987168
44.9159,-93.424,US,Hennepin,Minnesota,74.12020044,138.4963228
44.9996,-93.2156,US,Hennepin,Minnesota,52.37405664,93.21049789
45.111,-93.4158,US,Hennepin,Minnesota,51.87172107,99.9858813
45.1179,-95.0719,US,Kandiyohi,Minnesota,49.76593047,53.42151983
45.4904,-93.2528,US,Isanti,Minnesota,72.47973693,128.8234431
45.5246,-94.0896,US,Sherburne,Minnesota,43.32735971,97.97118621
45.5852,-95.9158,US,Stevens,Minnesota,1.515578148,82.40020859
45.8385,-95.5394,US,Douglas,Minnesota,45.87233539,138.7382069
46.2981,-96.0877,US,Otter Tail,Minnesota,28.05190707,90.49378208
46.4423,-95.1292,US,Wadena,Minnesota,79.76917259,100.8950567
46.4496,-94.3027,US,Crow Wing,Minnesota,22.45312617,39.80017914
46.8176,-95.8262,US,Becker,Minnesota,53.91403108,119.0469249
47.2199,-93.5235,US,Itasca,Minnesota,89.98382908,131.1033139
47.4443,-94.8562,US,Beltrami,Minnesota,84.5122056,93.49193078
47.5294,-92.5604,US,St. Louis,Minnesota,71.98840941,151.9865925
47.7522,-90.3333,US,Cook,Minnesota,63.12608417,94.23667095
48.1189,-96.1636,US,Pennington,Minnesota,59.37641257,108.8747914
48.5692,-93.3964,US,Koochiching,Minnesota,39.46957002,82.72179635
30.3882,-88.6469,US,Jackson,Mississippi,55.5776971,121.476683
30.3914,-89.0869,US,Harrison,Mississippi,56.57495033,107.0849287
31.2443,-90.4538,US,Pike,Mississippi,82.2321902,134.6810208
31.3438,-89.3194,US,Forrest,Mississippi,97.13278315,167.997311
31.5214,-91.3991,US,Adams,Mississippi,1.047698017,17.43106256
31.6945,-89.1467,US,Jones,Mississippi,35.52466163,53.44340646
32.2687,-90.207,US,Hinds,Mississippi,9.110627746,74.30004593
32.3086,-90.0733,US,Rankin,Mississippi,15.95002498,58.01519373
32.3305,-88.7369,US,Lauderdale,Mississippi,9.20719381,9.561572575
32.3561,-90.8286,US,Warren,Mississippi,20.67583073,28.62411122
32.36,-88.7,US,Lauderdale,Mississippi,54.46616415,136.8373012
33.0194,-89.6798,US,Attala,Mississippi,30.01040269,84.2142261
33.4094,-91.0528,US,Washington,Mississippi,63.75564021,132.251241
33.4841,-88.6363,US,Lowndes,Mississippi,46.06141697,140.3924642
33.4964,-90.1955,US,Leflore,Mississippi,75.4051596,129.4404995
34.2156,-88.7212,US,Lee,Mississippi,27.04012851,58.35657424
34.3104,-89.945,US,Panola,Mississippi,83.99553122,102.2712115
34.678,-88.5531,US,Prentiss,Mississippi,42.81597017,44.69303221
34.8157,-89.9737,US,DeSoto,Mississippi,98.84458741,195.4313891
36.6108,-93.2264,US,Taney,Missouri,36.36838386,64.34570377
36.753,-90.3954,US,Butler,Missouri,9.894639502,56.49311418
36.8527,-89.5849,US,New Madrid,Missouri,57.70310347,68.50339407
36.9885,-91.9682,US,Howell,Missouri,20.06048951,33.38531816
37.0873,-94.5362,US,Jasper,Missouri,23.9824239,62.05536066
37.2275,-89.5558,US,Scott,Missouri,53.29480771,128.0953291
37.2314,-93.2568,US,Greene,Missouri,11.06376984,64.76133559
37.2497,-93.3855,US,Greene,Missouri,92.92040589,153.6699448
37.7814,-90.3997,US,St. Francois,Missouri,12.70082729,109.7996078
37.981,-91.7247,US,Phelps,Missouri,67.26220276,133.8747313
38.0086,-92.7445,US,Camden,Missouri,69.10724366,83.04386682
38.1873,-94.028,US,St. Clair,Missouri,15.65556174,41.6697782
38.1997,-90.391,US,Jefferson,Missouri,26.89702895,124.6159015
38.4484,-90.9977,US,Franklin,Missouri,17.89710612,111.4916271
38.582,-92.2079,US,Cole,Missouri,39.78209291,114.6278102
38.61,-90.21,US,St. Louis City,Missouri,2.455318171,20.56438589
38.6855,-93.2493,US,Pettis,Missouri,78.51646997,120.3758129
38.6979,-90.2176,US,St. Louis City,Missouri,20.02729098,41.77538316
38.7498,-90.3472,US,St. Louis,Missouri,99.9398262,157.7001529
38.7766,-90.4644,US,St. Louis,Missouri,13.22006564,44.19421803
38.9732,-92.3001,US,Boone,Missouri,25.59728347,119.4082491
39.0708,-93.7398,US,Lafayette,Missouri,39.58224366,127.243585
39.3064,-94.7183,US,Platte,Missouri,39.0900814,88.01520199
39.3457,-91.2305,US,Pike,Missouri,30.18526813,121.3585943
39.7106,-94.7502,US,Buchanan,Missouri,7.549565943,103.4855028
39.7754,-93.5434,US,Livingston,Missouri,56.08681772,61.21660045
39.8003,-91.5194,US,Marion,Missouri,15.87883698,114.2878394
40.1095,-92.5489,US,Adair,Missouri,60.70994269,99.93189131
45.7072,-111.0634,US,Gallatin,Montana,64.50413562,134.8067297
45.7596,-108.5625,US,Yellowstone,Montana,68.67099339,78.39855834
45.8042,-108.5685,US,Yellowstone,Montana,57.55149159,131.8169361
45.9252,-112.5121,US,Silver Bow,Montana,86.6676316,120.292331
46.3991,-105.8203,US,Custer,Montana,74.12875252,168.9034518
46.602,-111.9843,US,Lewis and Clark,Montana,39.97089411,114.6135409
46.9058,-114.0399,US,Missoula,Montana,22.47459288,48.10686397
47.0685,-109.4306,US,Fergus,Montana,32.91647025,38.09173456
47.1021,-104.7655,US,Dawson,Montana,82.33849284,132.5374191
47.5081,-111.3047,US,Cascade,Montana,65.58998769,86.27386008
48.2119,-114.3307,US,Flathead,Montana,65.65564757,90.2842542
48.355,-107.8637,US,Phillips,Montana,19.81942481,87.94146047
48.3853,-115.547,US,Lincoln,Montana,20.86604816,41.41495654
48.5345,-109.6793,US,Hill,Montana,43.70789507,129.6492181
48.6394,-112.3405,US,Glacier,Montana,41.2275576,109.6553845
40.2124,-100.6464,US,Red Willow,Nebraska,47.64280816,58.34065917
40.2892,-96.7561,US,Gage,Nebraska,73.77317361,130.1637257
40.3944,-95.8321,US,Nemaha,Nebraska,38.19369931,100.1756748
40.5735,-98.4036,US,Adams,Nebraska,10.74932522,77.91292519
40.6851,-99.0792,US,Buffalo,Nebraska,60.13882905,63.47919047
40.8439,-96.6727,US,Lancaster,Nebraska,39.32073115,59.20353899
40.931,-98.3207,US,Hall,Nebraska,13.99433277,17.02130129
41.1261,-100.739,US,Lincoln,Nebraska,90.65474709,104.2553359
41.1477,-102.9772,US,Cheyenne,Nebraska,25.09647857,85.44577026
41.1769,-96.1545,US,Sarpy,Nebraska,47.35987509,63.07420649
41.2054,-95.952,US,Douglas,Nebraska,96.63538099,122.2986175
41.3061,-95.9054,US,Douglas,Nebraska,22.41943391,38.16360729
41.4013,-99.6408,US,Custer,Nebraska,52.07246758,96.72483951
41.4282,-97.3504,US,Platte,Nebraska,35.36033223,81.84160471
41.8574,-103.6626,US,Scotts Bluff,Nebraska,84.43982628,127.495192
41.9851,-97.4267,US,Madison,Nebraska,57.16606919,133.9858024
42.0988,-102.8811,US,Box Butte,Nebraska,7.904401224,8.569636484
42.4506,-98.6133,US,Holt,Nebraska,41.60639632,76.37611545
42.868,-100.5647,US,Cherry,Nebraska,21.97102846,71.40743421
36.0606,-115.1574,US,Clark,Nevada,86.4646994,99.12631115
36.0833,-115.1533,US,Clark,Nevada,24.10687955,29.30547894
36.1785,-115.1607,US,Clark,Nevada,16.12464169,23.55638913
38.5374,-117.0697,US,Nye,Nevada,68.3942429,118.8550301
39.2532,-114.8744,US,White Pine,Nevada,66.33920883,152.5794709
39.4893,-118.8542,US,Churchill,Nevada,48.58052899,94.31845995
39.5103,-119.7777,US,Washoe,Nevada,90.87625708,148.9929536
39.5328,-119.7573,US,Washoe,Nevada,17.34658432,89.04836261
39.5338,-119.7038,US,Washoe,Nevada,25.59588401,121.0648877
40.8662,-115.7267,US,Elko,Nevada,8.533217704,62.93573334
40.9605,-117.7466,US,Humboldt,Nevada,74.75254545,170.3190834
42.7564,-71.4905,US,Hillsborough,New Hampshire,70.57131974,157.5201774
42.9159,-72.2868,US,Cheshire,New Hampshire,56.41259247,78.89877213
42.9432,-71.4525,US,Hillsborough,New Hampshire,18.19677387,115.211011
42.9443,-71.4366,US,Hillsborough,New Hampshire,7.470581541,26.33960985
43.1834,-70.8904,US,Strafford,New Hampshire,12.52632672,14.57128198
43.5278,-71.4754,US,Belknap,New Hampshire,69.71140504,135.5388823
44.2912,-71.542,US,Coos,New Hampshire,28.35687687,84.719214
39.4147,-74.525,US,Atlantic,New Jersey,63.97122911,69.89539645
39.4815,-75.0218,US,Cumberland,New Jersey,91.02970554,189.3083151
39.8649,-75.0424,US,Camden,New Jersey,87.66445629,168.9706914
40.0727,-74.1796,US,Ocean,New Jersey,85.98604933,119.7866257
40.2366,-74.7203,US,Mercer,New Jersey,83.15276341,153.4265745
40.2833,-74.0781,US,Monmouth,New Jersey,71.62784311,94.82763123
40.5109,-74.3386,US,Middlesex,New Jersey,7.700337064,55.60783505
40.5722,-74.5611,US,Somerset,New Jersey,74.69485735,143.6829095
40.6908,-74.1833,US,Essex,New Jersey,71.46263299,138.8440505
40.7526,-74.1942,US,Essex,New Jersey,69.69323582,146.9980944
40.7539,-74.0636,US,Hudson,New Jersey,27.89857636,44.53646699
40.8614,-74.4369,US,Morris,New Jersey,58.71360793,111.2750236
40.8872,-74.1028,US,Bergen,New Jersey,98.13412096,103.4078747
40.909,-74.7565,US,Morris,New Jersey,3.307940887,96.4620004
32.2697,-107.7611,US,Luna,New Mexico,60.44752825,92.33732391
32.3068,-106.8044,US,Dona Ana,New Mexico,47.04124325,128.4953221
32.4376,-104.2541,US,Eddy,New Mexico,45.66457081,143.524497
32.7065,-103.132,US,Lea,New Mexico,35.39710776,74.08316783
32.7775,-108.2739,US,Grant,New Mexico,61.23466624,136.8369499
32.94,-105.9661,US,Otero,New Mexico,74.81988262,124.3001258
33.3867,-104.5056,US,Chaves,New Mexico,5.052985445,59.00712477
34.023,-106.8949,US,Socorro,New Mexico,42.82090638,124.4090259
34.3901,-103.1526,US,Curry,New Mexico,66.91396348,118.9544306
35.0293,-106.629,US,Bernalillo,New Mexico,63.2873229,136.4912453
35.1024,-106.6581,US,Bernalillo,New Mexico,9.1312578,9.654123619
35.1239,-106.6174,US,Bernalillo,New Mexico,95.60814707,139.824328
35.1583,-107.8727,US,Cibola,New Mexico,7.619587939,17.37585174
35.172,-103.7207,US,Quay,New Mexico,33.37278873,91.18768566
35.5248,-108.6976,US,McKinley,New Mexico,28.41475251,55.30039779
35.5983,-105.2253,US,San Miguel,New Mexico,79.03613029,161.871839
35.6336,-106.0242,US,Santa Fe,New Mexico,58.15585882,102.5424906
36.0106,-106.0885,US,Rio Arriba,New Mexico,81.44720299,81.98967756
36.0142,-106.9647,US,Sandoval,New Mexico,93.29464941,118.8107632
36.3611,-104.594,US,Colfax,New Mexico,83.35334716,178.269763
36.7324,-108.2418,US,San Juan,New Mexico,14.36021195,92.98925435
40.6016,-74.1818,US,Richmond,New York,1.500865404,49.22424139
40.6426,-73.916,US,Kings,New York,38.23357904,58.12403425
40.6527,-73.7952,US,Queens,New York,90.08642845,119.2770527
40.7214,-73.6065,US,Nassau,New York,98.71518011,177.9394593
40.7245,-73.9152,US,Queens,New York,49.9440653,77.00023297
40.726,-74.0094,US,New York,New York,34.29848654,68.55781861
40.7545,-73.4196,US,Suffolk,New York,36.80512511,136.1976709
40.762,-73.9989,US,New York,New York,81.53722536,128.1170061
40.8116,-73.9291,US,Bronx,New York,13.27732378,112.5791954
40.8176,-73.8385,US,Bronx,New York,59.84841817,74.81478971
40.8301,-73.0213,US,Suffolk,New York,51.95340697,135.5922687
40.8903,-73.8196,US,Westchester,New York,59.27213444,141.5586108
41.0636,-73.819,US,Westchester,New York,32.16935706,84.19855501
41.1053,-74.0324,US,Rockland,New York,67.3682787,87.13196017
41.2688,-73.7789,US,Westchester,New York,94.41355052,178.7779748
41.3453,-74.2765,US,Orange,New York,48.01986634,54.68050368
41.4976,-74.0221,US,Orange,New York,34.93423865,75.13763053
41.4998,-74.1012,US,Orange,New York,83.63616616,93.37540634
41.6419,-73.7941,US,Dutchess,New York,41.14923634,120.6170455
41.7413,-74.7201,US,Sullivan,New York,61.88835489,135.7603866
41.9482,-73.992,US,Ulster,New York,71.63540104,147.2251335
42.0849,-78.4895,US,Cattaraugus,New York,47.18523478,49.5639825
42.109,-75.9781,US,Broome,New York,54.62307483,109.2216302
42.1172,-79.1916,US,Chautauqua,New York,40.12843177,82.49769331
42.1592,-77.1117,US,Steuben,New York,41.83730956,45.9437753
42.1677,-76.8212,US,Chemung,New York,48.20998131,77.33029394
42.2503,-73.7891,US,Columbia,New York,89.64540662,179.1807844
42.27,-79.71,US,Chautauqua,New York,59.22639849,153.0686627
42.458,-75.0584,US,Otsego,New York,82.35917763,149.2372098
42.4661,-77.719,US,Steuben,New York,7.438713161,74.69167886
42.4695,-76.4648,US,Tompkins,New York,47.08244901,78.52351362
42.4841,-79.3459,US,Chautauqua,New York,36.95906559,40.76495563
42.6036,-76.1641,US,Cortland,New York,54.5087455,93.17803025
42.7445,-73.8129,US,Albany,New York,61.26103554,140.6622766
42.7524,-73.7776,US,Albany,New York,76.69018757,77.93002995
42.8847,-78.8037,US,Erie,New York,25.4244489,86.11572471
42.8865,-76.9782,US,Ontario,New York,43.69080213,69.96344325
42.937,-78.7442,US,Erie,New York,84.55236473,175.6314762
42.9961,-78.1778,US,Genesee,New York,73.02215517,158.2332662
43.0561,-74.3429,US,Fulton,New York,34.17745308,124.1984898
43.0593,-77.6073,US,Monroe,New York,74.38467798,156.4932033
43.0916,-75.3129,US,Oneida,New York,45.86295407,52.23535983
43.1076,-78.9878,US,Niagara,New York,94.67391898,148.0809127
43.1088,-76.0772,US,Onondaga,New York,14.50278655,39.37372515
43.1114,-76.1253,US,Onondaga,New York,69.71666057,167.9706931
43.1616,-78.7115,US,Niagara,New York,1.550654904,80.36656175
43.1664,-77.6052,US,Monroe,New York,3.498630028,26.22312765
43.1792,-77.6742,US,Monroe,New York,70.09548091,114.1392482
43.2342,-75.505,US,Oneida,New York,11.73166061,78.47542378
43.2976,-73.6774,US,Warren,New York,9.770545476,17.87281373
43.9828,-75.9263,US,Jefferson,New York,0.613659806,36.63851676
44.6699,-74.9581,US,St. Lawrence,New York,89.28938657,185.7811528
44.7035,-73.5409,US,Clinton,New York,9.967532662,61.26726196
34.2636,-77.92,US,New Hanover,North Carolina,37.50705671,41.28672447
34.6058,-78.9998,US,Robeson,North Carolina,75.83631037,120.6781508
34.7469,-77.3824,US,Onslow,North Carolina,54.33824953,142.7159429
34.8789,-76.9114,US,Craven,North Carolina,40.12554279,101.0961443
34.9966,-78.9018,US,Cumberland,North Carolina,25.11680743,35.4129679
35.0037,-80.5725,US,Union,North Carolina,36.53437788,119.4607559
35.1623,-83.4355,US,Macon,North Carolina,83.24905405,83.41262604
35.1938,-79.3734,US,Moore,North Carolina,25.87060245,30.74467208
35.1971,-80.9358,US,Mecklenburg,North Carolina,38.68283978,129.1607001
35.2732,-81.5038,US,Cleveland,North Carolina,82.7390816,114.1399995
35.2733,-77.5749,US,Lenoir,North Carolina,84.91525809,90.63137053
35.2735,-80.8113,US,Mecklenburg,North Carolina,59.68751847,73.62472822
35.2841,-81.1941,US,Gaston,North Carolina,78.01886537,86.3029594
35.3165,-82.4335,US,Henderson,North Carolina,56.49171255,100.6799416
35.3747,-83.216,US,Jackson,North Carolina,60.73340168,128.9160065
35.41,-80.58,US,Cabarrus,North Carolina,45.42855815,131.7653269
35.4164,-77.9818,US,Wayne,North Carolina,5.149215698,30.04466387
35.5273,-80.611,US,Rowan,North Carolina,7.079204727,103.8596197
35.5648,-82.5357,US,Buncombe,North Carolina,14.21881202,40.57252189
35.6028,-77.4942,US,Pitt,North Carolina,7.124181789,40.49859541
35.6483,-80.473,US,Rowan,North Carolina,58.46288731,77.01982897
35.7012,-81.2848,US,Catawba,North Carolina,10.30384241,93.03003919
35.8185,-80.8736,US,Iredell,North Carolina,98.63054246,176.4323589
35.837,-78.6031,US,Wake,North Carolina,38.75914898,127.924154
35.8649,-78.8075,US,Wake,North Carolina,38.25298364,48.08409388
35.8932,-81.573,US,Caldwell,North Carolina,68.27038666,82.20493594
35.911,-79.0564,US,Orange,North Carolina,15.26193312,72.10298265
35.9162,-80.0054,US,Randolph,North Carolina,25.78688096,45.6562967
35.9302,-75.6882,US,Dare,North Carolina,32.65354799,35.79955088
36.0052,-77.7856,US,Nash,North Carolina,36.62866568,57.33954793
36.0064,-78.8753,US,Durham,North Carolina,93.26813591,159.5693015
36.0568,-79.8555,US,Guilford,North Carolina,54.52245723,69.31595878
36.0605,-76.6041,US,Chowan,North Carolina,73.15637557,146.2205288
36.1097,-79.9285,US,Guilford,North Carolina,15.61968221,100.0782631
36.1381,-81.1764,US,Wilkes,North Carolina,50.55174301,140.2894386
36.1563,-80.2431,US,Forsyth,North Carolina,1.760830371,48.03618806
46.8396,-100.732,US,Burleigh,North Dakota,2.418171366,69.61494258
46.8785,-102.811,US,Stark,North Dakota,92.85873802,154.3520141
46.8887,-98.7125,US,Stutsman,North Dakota,38.71831497,135.7647231
46.8903,-96.8452,US,Cass,North Dakota,8.385650192,90.17669417
46.9086,-96.8067,US,Cass,North Dakota,10.24511338,54.13254644
47.8798,-97.0452,US,Grand Forks,North Dakota,65.98552837,105.7515307
48.1002,-98.8428,US,Ramsey,North Dakota,22.67119443,44.37040725
48.1242,-101.2958,US,Ward,North Dakota,4.962302939,86.2183071
48.1723,-103.626,US,Williams,North Dakota,83.09086161,118.0098976
38.8034,-82.9856,US,Scioto,Ohio,83.54363789,113.2649301
39.1208,-84.5373,US,Hamilton,Ohio,57.35819988,69.38164833
39.271,-84.4333,US,Hamilton,Ohio,40.16009817,95.64841369
39.3209,-82.1393,US,Athens,Ohio,19.91289178,57.68669392
39.3616,-83.8668,US,Clinton,Ohio,28.63014802,114.3907703
39.369,-82.9758,US,Ross,Ohio,50.34468423,106.7521884
39.3769,-84.5559,US,Butler,Ohio,81.0640421,172.6838802
39.4129,-81.4518,US,Washington,Ohio,49.88913466,117.9362418
39.6733,-84.2404,US,Montgomery,Ohio,77.94627128,169.7766796
39.7085,-82.5996,US,Fairfield,Ohio,13.83058031,49.87225094
39.7948,-84.1535,US,Montgomery,Ohio,8.402969481,53.69423959
39.8198,-82.9377,US,Franklin,Ohio,37.90184761,48.8959993
39.8954,-83.8215,US,Clark,Ohio,82.34985265,173.3099789
39.9042,-82.9452,US,Franklin,Ohio,78.3273316,173.6606308
39.9409,-82.0238,US,Muskingum,Ohio,9.764451027,99.72736175
40.0007,-83.1239,US,Franklin,Ohio,66.59151171,101.409511
40.0622,-82.3535,US,Licking,Ohio,40.42798341,120.3651607
40.1111,-80.9935,US,Belmont,Ohio,10.83232106,99.00197652
40.1608,-84.2322,US,Miami,Ohio,47.84905464,113.6069187
40.2668,-80.6231,US,Jefferson,Ohio,17.27740431,38.60259185
40.4851,-81.4316,US,Tuscarawas,Ohio,16.64034627,85.35203123
40.5583,-84.5399,US,Mercer,Ohio,0.924958512,41.17238257
40.6298,-83.0936,US,Marion,Ohio,82.06994132,107.6475329
40.7394,-84.1158,US,Allen,Ohio,40.50384864,95.41048794
40.768,-81.4428,US,Stark,Ohio,2.858999848,18.37561463
40.77,-83.95,US,Allen,Ohio,98.7438515,134.6368597
40.7763,-82.5457,US,Richland,Ohio,68.20113364,95.62274917
40.8355,-81.9071,US,Wayne,Ohio,56.30363933,84.91272469
40.95,-80.66,US,Mahoning,Ohio,64.75969121,134.3619451
41.0052,-80.6598,US,Mahoning,Ohio,31.56603999,77.97314008
41.0222,-81.7168,US,Medina,Ohio,3.282268913,69.80447179
41.0618,-83.6751,US,Hancock,Ohio,65.79475633,156.2035371
41.1083,-81.4801,US,Summit,Ohio,85.72873316,116.5004532
41.1412,-80.6768,US,Trumbull,Ohio,80.65880785,104.3882779
41.3011,-84.3417,US,Defiance,Ohio,12.86192906,27.49987388
41.3102,-82.6064,US,Erie,Ohio,1.630803926,29.66132787
41.3719,-83.113,US,Sandusky,Ohio,9.223475309,67.73793924
41.3811,-81.8292,US,Cuyahoga,Ohio,77.8357659,97.55655406
41.3889,-82.1229,US,Lorain,Ohio,78.04151182,121.107688
41.4164,-81.8585,US,Cuyahoga,Ohio,71.16442352,97.42514463
41.564,-81.4782,US,Cuyahoga,Ohio,36.05376628,80.54887017
41.5648,-81.5804,US,Cuyahoga,Ohio,36.90354653,119.8670578
41.5867,-83.6736,US,Lucas,Ohio,96.18208368,122.9856482
41.7146,-80.8533,US,Ashtabula,Ohio,38.48823563,99.33056628
34.0095,-95.4969,US,Choctaw,Oklahoma,1.366145937,83.90263682
34.173,-97.295,US,Carter,Oklahoma,91.7119616,161.4187374
34.5799,-98.3975,US,Comanche,Oklahoma,5.033047327,60.56818542
34.6377,-99.3133,US,Jackson,Oklahoma,84.97049677,131.4748645
34.9421,-95.7643,US,Pittsburg,Oklahoma,77.80224175,117.8331914
35.3446,-96.9148,US,Pottawatomie,Oklahoma,14.3135601,58.36283218
35.3974,-97.5948,US,Oklahoma,Oklahoma,19.69107662,116.6076234
35.4471,-94.7998,US,Sequoyah,Oklahoma,84.82594974,95.99472245
35.456,-97.5834,US,Oklahoma,Oklahoma,91.24602519,134.6334955
35.47,-95.52,US,McIntosh,Oklahoma,58.50539306,132.4661777
35.5219,-98.9726,US,Custer,Oklahoma,27.05296257,42.41184393
35.7702,-95.371,US,Muskogee,Oklahoma,66.8748005,87.75058052
36.0786,-95.8454,US,Tulsa,Oklahoma,44.46375988,85.16456405
36.1121,-97.0526,US,Payne,Oklahoma,83.99447013,88.10421141
36.1893,-95.8875,US,Tulsa,Oklahoma,56.22182416,84.10068993
36.4052,-97.8789,US,Garfield,Oklahoma,7.248744399,67.13363722
36.4335,-99.4373,US,Woodward,Oklahoma,63.58119229,120.5920161
36.6559,-95.1306,US,Craig,Oklahoma,58.83499026,81.87942726
36.6895,-101.4732,US,Texas,Oklahoma,25.52192256,93.76641566
36.7242,-97.095,US,Kay,Oklahoma,36.71386628,84.55714137
42.0423,-124.2557,US,Curry,Oregon,85.62764283,148.1349348
42.2462,-121.7931,US,Klamath,Oregon,26.44916873,69.46774466
42.3481,-122.9012,US,Jackson,Oregon,63.95436446,82.95972519
42.4376,-123.2882,US,Josephine,Oregon,5.362571991,78.98225329
43.1488,-123.374,US,Douglas,Oregon,73.23825841,149.2982273
43.4149,-124.2468,US,Coos,Oregon,23.45658483,108.0180297
43.5907,-119.0551,US,Harney,Oregon,46.96009388,89.25684363
44.0405,-123.0317,US,Lane,Oregon,15.94912098,27.37446716
44.0507,-124.0983,US,Lane,Oregon,87.95568167,94.93121956
44.0593,-122.9886,US,Lane,Oregon,27.2288451,51.43972484
44.0741,-121.3041,US,Deschutes,Oregon,50.40634836,107.4048873
44.4194,-118.9645,US,Grant,Oregon,25.63840064,116.7000882
44.54,-122.91,US,Linn,Oregon,59.62697359,124.274953
44.6361,-123.0904,US,Linn,Oregon,47.52792142,61.63002659
44.6917,-124.0612,US,Lincoln,Oregon,54.65003893,86.91302002
44.7898,-117.8096,US,Baker,Oregon,54.21326034,147.6994949
44.9727,-123.0105,US,Marion,Oregon,41.29924396,75.74768422
45.3255,-118.0803,US,Union,Oregon,98.82101621,189.3970184
45.3791,-122.786,US,Washington,Oregon,91.09365679,161.0915225
45.4181,-117.2819,US,Wallowa,Oregon,3.859042722,4.179545412
45.4269,-123.8083,US,Tillamook,Oregon,38.20090109,51.51050784
45.5714,-122.7174,US,Multnomah,Oregon,61.23337292,92.99777582
45.5841,-122.6064,US,Multnomah,Oregon,31.63406201,50.34307486
45.603,-121.1835,US,Wasco,Oregon,93.23989277,152.7966931
45.6683,-118.8021,US,Umatilla,Oregon,39.87989092,120.5301663
45.8349,-119.3361,US,Umatilla,Oregon,97.40962678,133.6481624
46.1532,-123.8983,US,Clatsop,Oregon,64.73115205,75.23354793
39.7721,-77.2408,US,Adams,Pennsylvania,48.81330946,138.1795078
39.8586,-75.2606,US,Delaware,Pennsylvania,90.06943865,96.56470657
39.9011,-79.7268,US,Fayette,Pennsylvania,29.2224057,42.01657443
39.9137,-75.1469,US,Philadelphia,Pennsylvania,83.64068644,149.10257
39.9239,-77.6689,US,Franklin,Pennsylvania,85.45554478,167.8679775
39.9625,-76.7274,US,York,Pennsylvania,15.3499169,27.78579304
39.9881,-75.5813,US,Chester,Pennsylvania,48.81633007,55.61100228
40.049,-76.7468,US,York,Pennsylvania,76.80155015,111.8113826
40.0899,-76.3498,US,Lancaster,Pennsylvania,55.39633954,130.1847141
40.1607,-75.1392,US,Montgomery,Pennsylvania,20.92215162,118.0837192
40.1955,-76.7421,US,Dauphin,Pennsylvania,0.391497561,70.31132884
40.2044,-80.2596,US,Washington,Pennsylvania,35.46443004,64.69404081
40.2252,-79.6116,US,Westmoreland,Pennsylvania,39.74970774,47.10243699
40.2429,-76.8472,US,Dauphin,Pennsylvania,78.63318715,162.7740762
40.2824,-78.8433,US,Cambria,Pennsylvania,22.87508371,63.62736963
40.3237,-76.7107,US,Dauphin,Pennsylvania,74.11224208,134.3269432
40.3903,-75.9375,US,Berks,Pennsylvania,63.28795832,150.3218026
40.4468,-80.0826,US,Allegheny,Pennsylvania,6.388884731,27.52992162
40.4479,-79.9941,US,Allegheny,Pennsylvania,34.75425733,84.98330183
40.4575,-80.0302,US,Allegheny,Pennsylvania,86.62938211,132.9124545
40.498,-80.2141,US,Allegheny,Pennsylvania,27.37610445,123.8381257
40.4993,-78.3976,US,Blair,Pennsylvania,10.63485949,18.70771849
40.5962,-79.5558,US,Armstrong,Pennsylvania,17.32420162,97.81036776
40.6003,-79.1469,US,Indiana,Pennsylvania,75.82755463,134.8260855
40.6558,-75.4288,US,Lehigh,Pennsylvania,70.24548268,119.7449041
40.6639,-77.5961,US,Mifflin,Pennsylvania,76.35482991,160.5155675
40.6675,-75.3848,US,Northampton,Pennsylvania,10.83718088,67.84412151
40.7155,-76.1895,US,Schuylkill,Pennsylvania,8.402016246,16.67913613
40.72,-80.2959,US,Beaver,Pennsylvania,51.35395432,61.1833902
40.7766,-75.9604,US,Schuylkill,Pennsylvania,15.10557233,80.14181618
40.7812,-76.8654,US,Snyder,Pennsylvania,21.77921188,83.68334043
40.8273,-77.8007,US,Centre,Pennsylvania,17.81419545,23.91059135
40.8758,-79.8749,US,Butler,Pennsylvania,2.661035901,7.189516556
40.9955,-75.1768,US,Monroe,Pennsylvania,31.40630513,59.19327136
41.0877,-80.3575,US,Lawrence,Pennsylvania,29.61346674,59.30476004
41.1255,-78.7477,US,Clearfield,Pennsylvania,6.916930251,24.05958107
41.2397,-77.0223,US,Lycoming,Pennsylvania,12.06516944,75.0969703
41.325,-75.7517,US,Luzerne,Pennsylvania,55.5432708,122.8611126
41.3788,-79.7064,US,Venango,Pennsylvania,6.972707894,90.69066995
41.3883,-75.7125,US,Lackawanna,Pennsylvania,16.52438365,33.27324313
41.56,-77.11,US,Tioga,Pennsylvania,61.25178449,97.58773602
41.6217,-80.2082,US,Crawford,Pennsylvania,39.31824636,43.23030974
41.6606,-78.8,US,McKean,Pennsylvania,77.78443472,134.8135942
42.086,-80.0743,US,Erie,Pennsylvania,8.273695389,95.85247617
41.7327,-71.4263,US,Kent,Rhode Island,39.15528156,135.97198
41.7335,-71.4462,US,Kent,Rhode Island,44.34452588,116.8376594
32.2252,-80.7008,US,Beaufort,South Carolina,59.93530835,60.17441371
32.4188,-80.7377,US,Beaufort,South Carolina,76.29470797,175.2889645
32.8676,-79.9978,US,Charleston,South Carolina,94.24173105,116.8185662
33.0259,-80.1312,US,Berkeley,South Carolina,84.15244893,173.5677774
33.4856,-80.8427,US,Orangeburg,South Carolina,6.849914936,52.16222066
33.5726,-81.7141,US,Aiken,South Carolina,95.60024322,113.5786439
33.718,-78.933,US,Horry,South Carolina,95.93918946,156.8874099
33.9209,-80.3461,US,Sumter,South Carolina,93.54780192,145.2290711
33.9292,-81.1186,US,Lexington,South Carolina,54.77443223,76.25029534
33.933,-81.1048,US,Lexington,South Carolina,79.12638554,140.9462309
33.9348,-81.1012,US,Lexington,South Carolina,84.52778016,147.0152512
34.223,-82.1167,US,Greenwood,South Carolina,56.99432459,87.4869406
34.2476,-79.8218,US,Darlington,South Carolina,93.86092738,109.1021277
34.53,-82.6858,US,Anderson,South Carolina,38.05330606,128.1123193
34.7423,-80.7197,US,Lancaster,South Carolina,23.07945949,63.24484999
34.8038,-82.3421,US,Greenville,South Carolina,35.09260043,111.237795
34.9373,-82.2258,US,Greenville,South Carolina,78.1016095,163.598923
34.9551,-80.9944,US,York,South Carolina,50.47218821,122.4775387
34.9726,-81.9664,US,Spartanburg,South Carolina,64.13972097,98.39867274
42.7869,-96.9378,US,Clay,South Dakota,41.35090874,78.7376764
43.3746,-99.8577,US,Tripp,South Dakota,51.54004,136.6994556
43.5753,-96.7681,US,Minnehaha,South Dakota,25.87452272,64.12351826
43.5894,-96.7288,US,Minnehaha,South Dakota,64.63670819,101.3795273
43.6983,-98.0176,US,Davison,South Dakota,94.52456425,181.2012372
44.0684,-103.1765,US,Pennington,South Dakota,64.2754413,64.88706558
44.3116,-96.8091,US,Brookings,South Dakota,26.19875246,102.4561846
44.3648,-100.3505,US,Hughes,South Dakota,61.96558809,76.44442646
44.3691,-97.9339,US,Beadle,South Dakota,92.40612007,159.1131706
44.4126,-103.5153,US,Meade,South Dakota,79.10009535,119.3699555
44.8904,-97.1591,US,Codington,South Dakota,44.24773727,133.3076289
45.4558,-98.4937,US,Brown,South Dakota,34.24392525,58.76463659
45.5394,-100.433,US,Walworth,South Dakota,42.41046504,95.81705621
35.0066,-89.9084,US,Shelby,Tennessee,70.35916246,99.8150551
35.0477,-89.9639,US,Shelby,Tennessee,11.58142152,51.90058631
35.0677,-90.0035,US,Shelby,Tennessee,33.894203,68.83111684
35.0716,-85.1892,US,Hamilton,Tennessee,28.6686199,68.61506171
35.1242,-88.565,US,McNairy,Tennessee,34.70161691,66.75719359
35.1317,-84.904,US,Bradley,Tennessee,26.33973328,58.7015537
35.2048,-89.7776,US,Shelby,Tennessee,94.87910501,119.009698
35.2583,-87.3243,US,Lawrence,Tennessee,73.66921963,123.1481981
35.3632,-86.1954,US,Coffee,Tennessee,43.0198432,115.2699216
35.4417,-84.5927,US,McMinn,Tennessee,26.76388116,99.03094149
35.5887,-87.036,US,Maury,Tennessee,60.29736733,107.178153
35.6428,-88.7853,US,Madison,Tennessee,51.51729954,109.5310342
35.7544,-84.0132,US,Blount,Tennessee,68.24577843,150.6081625
35.8181,-84.0064,US,Blount,Tennessee,4.89894147,89.82759046
35.8388,-86.4053,US,Rutherford,Tennessee,13.00737261,59.35422649
35.85,-86.39,US,Rutherford,Tennessee,50.39518109,53.60473736
35.9306,-85.4628,US,White,Tennessee,5.581381137,89.23285435
35.9549,-83.8289,US,Knox,Tennessee,67.12860013,138.8617925
35.9596,-86.8228,US,Williamson,Tennessee,64.34311097,135.5139287
35.9682,-88.949,US,Gibson,Tennessee,15.11665739,33.95610645
36.012,-89.4026,US,Dyer,Tennessee,96.8731211,174.5153773
36.0213,-84.0036,US,Knox,Tennessee,10.93397307,42.03276094
36.0339,-84.3296,US,Anderson,Tennessee,58.24326997,95.41773689
36.0776,-87.3756,US,Dickson,Tennessee,87.89798264,118.9803696
36.1015,-86.7563,US,Davidson,Tennessee,94.24018356,179.1386343
36.1188,-86.7563,US,Davidson,Tennessee,60.31051946,101.0765339
36.14,-86.7,US,Davidson,Tennessee,10.03939228,14.95910966
36.1456,-85.501,US,Putnam,Tennessee,30.62322738,86.78028738
36.2544,-83.2006,US,Hamblen,Tennessee,98.53981659,188.3132488
36.2782,-88.2918,US,Henry,Tennessee,21.28695862,24.77984697
36.3525,-82.3651,US,Washington,Tennessee,56.9296686,90.51212418
36.5046,-87.3176,US,Montgomery,Tennessee,30.7173403,54.30861744
25.9085,-97.4438,US,Cameron,Texas,26.02113331,88.80979032
26.1741,-97.6789,US,Cameron,Texas,4.334761866,97.37323303
26.1914,-97.6912,US,Cameron,Texas,72.41224944,90.58539288
26.2198,-98.2106,US,Hidalgo,Texas,18.10224727,84.03211293
27.5329,-99.4659,US,Webb,Texas,71.82808311,126.0058057
27.579,-99.5186,US,Webb,Texas,17.0220349,59.13589521
27.7909,-97.4532,US,Nueces,Texas,73.12612851,130.1110879
28.7058,-100.5057,US,Maverick,Texas,52.06001162,73.20648845
28.7692,-96.9791,US,Victoria,Texas,87.14266442,134.7641457
28.8914,-97.8931,US,Karnes,Texas,13.63961853,67.9656453
28.9444,-98.4839,US,Atascosa,Texas,66.71353342,131.9363534
29.1504,-95.4299,US,Brazoria,Texas,21.66010527,102.4576512
29.2117,-99.7917,US,Uvalde,Texas,80.42003104,141.8405822
29.3585,-94.9471,US,Galveston,Texas,50.08311969,63.0489507
29.3614,-100.8864,US,Val Verde,Texas,61.5181549,151.8866212
29.4851,-98.3637,US,Bexar,Texas,6.232669137,7.754796567
29.505,-98.6326,US,Bexar,Texas,91.9656994,93.7990809
29.5343,-98.4826,US,Bexar,Texas,99.18226587,121.6548171
29.6005,-95.1687,US,Harris,Texas,38.73214573,80.11744564
29.6194,-95.5557,US,Fort Bend,Texas,42.41619603,142.0568431
29.6395,-95.2895,US,Harris,Texas,30.70024049,109.5011569
29.6759,-95.3211,US,Harris,Texas,7.216157404,9.267378867
29.7593,-95.3655,US,Harris,Texas,6.217870352,37.87813641
29.8064,-94.9745,US,Harris,Texas,63.06099673,153.2120776
29.8718,-97.9366,US,Hays,Texas,17.19024514,105.2206635
29.9398,-93.8868,US,Jefferson,Texas,38.23440374,122.67556
30.0037,-95.309,US,Harris,Texas,60.90206968,103.0648832
30.0217,-99.1151,US,Kerr,Texas,72.86299336,88.47833256
30.0557,-94.1311,US,Jefferson,Texas,2.426688087,85.99722733
30.2174,-97.6684,US,Travis,Texas,66.88078108,72.63431672
30.3376,-97.6607,US,Travis,Texas,81.69842028,151.3708692
30.3545,-95.4268,US,Montgomery,Texas,19.86168887,30.49586229
30.3608,-103.6506,US,Brewster,Texas,9.926640104,61.87290753
30.6793,-96.3495,US,Brazos,Texas,2.98406415,25.43517539
31.0575,-97.4582,US,Bell,Texas,5.975222742,83.97005647
31.295,-94.7283,US,Angelina,Texas,94.82468704,150.8630378
31.5168,-100.3591,US,Tom Green,Texas,9.650832682,19.39078966
31.5511,-97.1364,US,McLennan,Texas,81.62461536,176.465457
31.6805,-98.9789,US,Brown,Texas,19.15992443,54.65759879
31.7401,-95.6553,US,Anderson,Texas,81.70009233,158.3394134
31.7964,-106.3921,US,El Paso,Texas,5.077298724,55.03672488
31.8155,-106.3929,US,El Paso,Texas,73.82504236,166.9921632
31.8609,-102.3381,US,Ector,Texas,25.52906555,41.78903118
31.9613,-102.1345,US,Midland,Texas,37.84412963,71.63308759
32.3404,-95.3262,US,Smith,Texas,5.194953293,97.89956864
32.433,-97.8195,US,Hood,Texas,77.67401855,85.21100761
32.4575,-99.8189,US,Taylor,Texas,97.73112281,114.9515597
32.4982,-94.7232,US,Gregg,Texas,61.85192361,63.8212928
32.7443,-97.0803,US,Tarrant,Texas,72.65194456,125.4070987
32.7804,-97.3307,US,Tarrant,Texas,87.84108803,178.1782092
32.7921,-96.6635,US,Dallas,Texas,28.51558072,93.98496734
32.9257,-97.033,US,Tarrant,Texas,65.64702461,146.41019
32.9303,-97.1083,US,Tarrant,Texas,79.80794007,173.3107983
32.974,-97.2501,US,Tarrant,Texas,64.15520092,69.1782526
32.9895,-97.3475,US,Tarrant,Texas,78.58662422,113.2073539
32.994,-96.9319,US,Denton,Texas,74.13108307,111.2284351
33.1182,-95.6128,US,Hopkins,Texas,14.93988167,26.6093078
33.17,-95.11,US,Titus,Texas,28.23398229,58.7798419
33.2015,-97.1129,US,Denton,Texas,44.9151964,51.34437487
33.5542,-101.831,US,Lubbock,Texas,8.149781934,105.1040086
33.6878,-96.5782,US,Grayson,Texas,13.02928516,105.2786535
33.9093,-98.4956,US,Wichita,Texas,37.26840797,109.9170872
34.1082,-101.7774,US,Hale,Texas,51.5854457,72.86453391
34.16,-99.2998,US,Wilbarger,Texas,14.35428264,102.9293254
35.2027,-101.8396,US,Potter,Texas,59.20104544,132.3849373
35.533,-100.9844,US,Gray,Texas,96.90229474,189.7930385
37.1192,-113.5551,US,Washington,Utah,39.11861199,129.4810215
37.6937,-113.0622,US,Iron,Utah,36.4713015,107.3523978
38.2784,-112.6292,US,Beaver,Utah,7.475406411,14.89638903
38.5572,-109.5384,US,Grand,Utah,68.04403289,98.60386857
38.9595,-111.8597,US,Sevier,Utah,77.31346131,170.1777344
39.1022,-112.2691,US,Millard,Utah,47.11004262,101.1415072
39.5656,-110.816,US,Carbon,Utah,95.80021184,118.0792179
40.2954,-111.731,US,Utah,Utah,85.37660792,181.2950541
40.4539,-109.5063,US,Uintah,Utah,21.7579936,56.71150732
40.7145,-111.9452,US,Salt Lake,Utah,5.264732792,87.65256902
40.7764,-111.864,US,Salt Lake,Utah,62.08131798,83.53453117
41.1878,-112.0039,US,Weber,Utah,66.3170964,118.6324292
41.7652,-111.8848,US,Cache,Utah,34.81599419,83.11924493
42.8528,-72.5624,US,Windham,Vermont,34.44901074,100.3465544
43.5948,-72.9786,US,Rutland,Vermont,21.81387268,91.65960556
43.6951,-72.3177,US,Windsor,Vermont,61.05873628,156.5362004
44.1968,-72.5066,US,Washington,Vermont,4.503857886,41.90562604
44.4189,-72.0168,US,Caledonia,Vermont,26.75575547,38.55676228
44.4517,-73.1178,US,Chittenden,Vermont,30.39739365,57.6710693
36.5952,-79.428,US,Danville City,Virginia,96.66397173,189.2716811
36.6164,-82.1254,US,Bristol City,Virginia,75.07870602,83.01867745
36.6357,-81.86,US,Washington,Virginia,83.91603962,113.9273043
36.8842,-76.2181,US,Norfolk City,Virginia,71.66285784,81.80697149
36.8852,-76.1979,US,Norfolk City,Virginia,81.68134274,90.3631786
36.8939,-76.1905,US,Virginia Beach City,Virginia,51.83931807,59.71613013
37.0403,-78.4836,US,Charlotte,Virginia,97.25244468,165.7407592
37.0917,-76.4765,US,Newport News City,Virginia,93.49209968,137.8471158
37.1039,-80.6898,US,Pulaski,Virginia,82.44341901,123.2274516
37.3024,-79.8996,US,Roanoke City,Virginia,50.53407135,116.3933922
37.3173,-79.9796,US,Roanoke City,Virginia,11.52566136,52.31975258
37.3711,-79.1794,US,Lynchburg City,Virginia,81.94127655,94.07866509
37.4029,-77.4163,US,Chesterfield,Virginia,24.36781526,48.78058399
37.5017,-77.3369,US,Henrico,Virginia,14.25268067,30.48992621
37.7757,-76.5148,US,Lancaster,Virginia,56.7302446,150.0161167
38.0323,-78.4856,US,Charlottesville City,Virginia,61.06912661,83.80409327
38.0699,-78.5088,US,Albemarle,Virginia,99.67808218,152.1724504
38.0989,-78.9694,US,Augusta,Virginia,9.739006543,27.9179195
38.13,-77.52,US,Spotsylvania,Virginia,70.59978289,80.16883945
38.2753,-77.4614,US,Spotsylvania,Virginia,84.79340239,142.5576834
38.8034,-77.0911,US,Alexandria City,Virginia,43.61120711,83.3304038
38.8499,-77.0665,US,Arlington,Virginia,47.99163689,52.05669601
38.8907,-77.4632,US,Fairfax,Virginia,6.085327754,26.04760077
38.8937,-77.4318,US,Fairfax,Virginia,52.69924249,133.7081266
38.9102,-78.1817,US,Warren,Virginia,65.38902694,152.3538197
38.945,-77.4567,US,Loudoun,Virginia,63.00905908,155.333678
45.6703,-122.6364,US,Clark,Washington,43.81620808,93.24136088
46.0945,-118.2741,US,Walla Walla,Washington,32.23921179,129.0313786
46.1227,-122.8959,US,Cowlitz,Washington,4.654551442,78.99003653
46.2211,-119.1917,US,Benton,Washington,96.66879573,155.723777
46.563,-120.4813,US,Yakima,Washington,80.92020579,118.2963658
46.6124,-122.9185,US,Lewis,Washington,52.39359801,130.0072748
46.7345,-117.1777,US,Whitman,Washington,44.17042317,65.20562519
46.9818,-122.9133,US,Thurston,Washington,92.14835458,142.1150158
46.9935,-120.5497,US,Kittitas,Washington,4.276605717,97.5129917
46.9981,-123.4464,US,Grays Harbor,Washington,31.73949334,111.5684011
47.1138,-119.2965,US,Grant,Washington,79.95726501,84.80715655
47.2391,-122.3623,US,Pierce,Washington,74.66495714,166.0424467
47.2553,-122.2525,US,Pierce,Washington,11.77489194,51.959872
47.4516,-122.2544,US,King,Washington,34.58861725,93.36002186
47.4658,-120.3302,US,Chelan,Washington,21.78557098,32.7240927
47.4923,-122.2703,US,King,Washington,44.86168097,89.49868392
47.5332,-122.2983,US,King,Washington,98.23630915,188.3583693
47.548,-122.3283,US,King,Washington,55.96983429,107.2567048
47.5545,-122.7029,US,Kitsap,Washington,32.37391921,77.6436649
47.5633,-122.324,US,King,Washington,24.20880073,101.4514408
47.6291,-117.5162,US,Spokane,Washington,68.60494196,128.0709438
47.6659,-117.3121,US,Spokane,Washington,2.811543597,30.35821093
47.6754,-122.1019,US,King,Washington,11.91122954,34.84806371
47.9074,-122.2465,US,Snohomish,Washington,20.75505361,114.5683838
47.9403,-119.0054,US,Grant,Washington,56.16979786,154.8726917
48.0495,-122.8216,US,Jefferson,Washington,62.95731883,78.80788598
48.1071,-123.3665,US,Clallam,Washington,7.528824647,13.08103663
48.2545,-122.1374,US,Snohomish,Washington,81.09301074,175.3778547
48.2829,-119.7048,US,Okanogan,Washington,86.61277413,136.5911225
48.4555,-122.3269,US,Skagit,Washington,43.40543413,62.48850036
48.5389,-117.9083,US,Stevens,Washington,98.92055897,172.4462009
48.7861,-122.4466,US,Whatcom,Washington,36.23908111,57.18257631
37.2579,-81.2371,US,Mercer,West Virginia,16.98858952,75.75607764
37.7661,-81.9878,US,Logan,West Virginia,95.97290485,179.3937702
37.7806,-80.3942,US,Greenbrier,West Virginia,32.53581035,41.99812251
37.7807,-81.1146,US,Raleigh,West Virginia,32.07496496,54.98935089
37.7833,-81.1207,US,Raleigh,West Virginia,94.95324207,101.2528499
37.793,-81.2202,US,Raleigh,West Virginia,44.46978176,52.91645588
38.31,-81.56,US,Kanawha,West Virginia,61.8668807,95.87360505
38.3437,-81.6087,US,Kanawha,West Virginia,1.095276445,78.91500972
38.3666,-81.703,US,Kanawha,West Virginia,42.79836877,138.0237435
38.4327,-82.364,US,Cabell,West Virginia,44.7941287,121.6650873
38.909,-79.8441,US,Randolph,West Virginia,18.45108942,102.3397833
39.2328,-81.5459,US,Wood,West Virginia,63.1147902,99.32618064
39.2544,-80.3176,US,Harrison,West Virginia,48.33425933,136.7525796
39.4472,-80.1518,US,Marion,West Virginia,13.09016273,103.8738099
40.0318,-80.7271,US,Marshall,West Virginia,22.15747793,83.40231877
42.6793,-89.0317,US,Rock,Wisconsin,5.120818104,52.98704571
42.6979,-87.8906,US,Racine,Wisconsin,12.65354956,46.72452896
42.9448,-87.9132,US,Milwaukee,Wisconsin,69.84744857,100.6241498
42.9745,-90.1422,US,Iowa,Wisconsin,40.82492702,125.8719901
42.975,-90.1288,US,Iowa,Wisconsin,72.17362884,102.265472
43.0293,-87.914,US,Milwaukee,Wisconsin,4.608078481,100.11617
43.0361,-88.1072,US,Waukesha,Wisconsin,86.57522271,142.1527297
43.0623,-89.3232,US,Dane,Wisconsin,60.05323521,62.38118949
43.1028,-89.5151,US,Dane,Wisconsin,5.355014912,56.96007168
43.174,-88.7141,US,Jefferson,Wisconsin,84.48345331,155.8710613
43.3579,-89.769,US,Sauk,Wisconsin,71.45449576,138.9777585
43.7212,-87.7516,US,Sheboygan,Wisconsin,92.17402231,151.5250104
43.8585,-91.2275,US,La Crosse,Wisconsin,14.74405329,94.00915762
43.98,-90.5,US,Monroe,Wisconsin,13.79203188,77.9180591
44.0657,-88.5382,US,Winnebago,Wisconsin,58.88371324,70.98771907
44.4782,-87.9237,US,Brown,Wisconsin,89.72282962,142.4730247
44.499,-89.5591,US,Portage,Wisconsin,58.41719339,65.79231367
44.5289,-88.09,US,Brown,Wisconsin,26.11875808,52.00008647
44.8011,-91.4646,US,Eau Claire,Wisconsin,91.34319503,105.757788
44.9589,-89.6441,US,Marathon,Wisconsin,45.29815185,79.9182386
44.9743,-92.3736,US,St. Croix,Wisconsin,77.44160974,170.792441
45.0788,-87.6431,US,Marinette,Wisconsin,17.66062862,105.647155
45.4882,-91.7369,US,Barron,Wisconsin,95.77171884,104.5957586
45.6313,-89.3963,US,Oneida,Wisconsin,92.14567103,164.5111927
41.1271,-104.8398,US,Laramie,Wyoming,65.87152307,130.3068514
41.2671,-110.9919,US,Uinta,Wyoming,57.84147641,71.04380097
41.3124,-105.5945,US,Albany,Wyoming,31.93419116,49.40570258
41.5757,-109.2512,US,Sweetwater,Wyoming,63.38387757,149.5114744
41.7986,-107.2163,US,Carbon,Wyoming,8.415055753,68.36316296
42.8698,-106.3477,US,Natrona,Wyoming,69.5509896,74.5628885
43.0336,-108.4009,US,Fremont,Wyoming,18.9515356,41.07126755
43.4585,-110.7981,US,Teton,Wyoming,52.83932798,147.7219394
44.2565,-105.5465,US,Campbell,Wyoming,61.8185296,137.3824996
44.5298,-109.0422,US,Park,Wyoming,10.26835798,62.82541157
44.7761,-106.966,US,Sheridan,Wyoming,96.94301005,145.9463066
