Loudoun,Virginia,34609.10400000024
Travis,Texas,46799.092999999986
Warren,New York,11226.50700000002
Collier,Florida,20653.089000000065
Craven,North Carolina,9405.13799999995
Summit,Colorado,5974.572999999993
Johnson,Kansas,34888.82199999999
Erie,Ohio,7806.7149999999965
Colbert,Alabama,9038.778999999977
Nye,Nevada,1175.5190000000036
Dubuque,Iowa,11548.491999999997
St. Lawrence,New York,7391.300000000007
Belmont,Ohio,7505.344999999983
Chautauqua,New York,25706.964000000517
Labette,Kansas,6142.3829999999925
Hamblen,Tennessee,9836.966999999995
Leon,Florida,17577.282
Burleigh,North Dakota,9210.375000000004
Hancock,Ohio,9199.820999999989
Isabella,Michigan,8854.414999999979
Clallam,Washington,5003.738000000001
Routt,Colorado,3703.392999999999
Blount,Tennessee,9246.891999999965
Sequoyah,Oklahoma,4421.383999999994
Yellowstone,Montana,11417.987000000003
Adair,Missouri,4272.009000000011
Iron,Utah,4511.992000000002
Onondaga,New York,34442.59499999997
Bradley,Tennessee,8356.88199999998
Saginaw,Michigan,20065.64000000008
Marathon,Wisconsin,14923.480000000029
Albemarle,Virginia,9225.646999999959
Charlotte,Virginia,5500.029999999981
Nueces,Texas,18372.950999999994
Montgomery,Ohio,48952.265999999516
Fairfield,Ohio,6845.842999999976
Lassen,California,2373.0440000000035
Kenai Peninsula,Alaska,2781.7160000000063
Webster,Iowa,5879.8559999999825
Coffee,Alabama,6137.776999999974
New Hanover,North Carolina,22004.388000000024
Kandiyohi,Minnesota,6342.576999999999
Cortland,New York,4519.985999999999
Whatcom,Washington,14565.326999999983
Montgomery,Maryland,29893.632000000172
Pottawatomie,Oklahoma,7546.488999999994
Macon,North Carolina,5696.675999999978
Orange,Florida,53211.15799999947
Ingham,Michigan,28220.861000000226
Winneshiek,Iowa,5539.021999999992
Cascade,Montana,6172.176999999996
Victoria,Texas,9073.58999999999
Boulder,Colorado,18703.57100000006
Skagit,Washington,11728.66299999996
Atascosa,Texas,4910.075999999993
Angelina,Texas,10668.121999999987
Freeborn,Minnesota,5333.419999999979
Placer,California,28242.24899999998
Linn,Iowa,21667.255000000005
Jefferson,Washington,3135.8410000000063
Terrebonne,Louisiana,10561.16599999996
Multnomah,Oregon,57083.94400000001
Dubois,Indiana,6867.998999999975
Baldwin,Alabama,9735.671999999984
Miami,Ohio,13509.387999999988
Brown,Wisconsin,24756.933000000197
Wichita,Texas,7972.082999999986
Navajo,Arizona,6856.895
Laurel,Kentucky,8659.408999999969
Bonneville,Idaho,9236.488
Umatilla,Oregon,7459.498999999984
Tulare,California,15819.48399999998
Lackawanna,Pennsylvania,18742.291000000125
Wood,West Virginia,7459.152999999985
Monroe,New York,44251.15199999983
Platte,Nebraska,5628.250999999982
Scotts Bluff,Nebraska,3555.213000000009
Jefferson,Arkansas,33270.94400000022
Wasco,Oregon,5605.928000000008
Dare,North Carolina,4645.260999999994
Kalamazoo,Michigan,21015.73100000007
Talbot,Maryland,9959.96399999997
Alexandria City,Virginia,26700.657000000225
Berrien,Michigan,12312.057999999995
Dickson,Tennessee,5393.298999999997
Miller,Arkansas,9544.428999999973
Gage,Nebraska,4028.9310000000096
Glenn,California,24300.25900000001
Thomas,Kansas,3529.4500000000044
Uvalde,Texas,3786.279000000006
Grant,New Mexico,2664.752000000006
Gila,Arizona,5053.932000000005
Fayette,Pennsylvania,8295.023999999961
Karnes,Texas,4197.458999999998
Knox,Tennessee,37850.33999999993
Etowah,Alabama,8397.004999999965
Sheridan,Wyoming,4077.724000000004
York,Pennsylvania,23660.730000000156
Natrona,Wyoming,7141.101999999998
Rockland,New York,13902.913999999955
Wilbarger,Texas,2836.503000000005
Ford,Kansas,4323.571000000002
Lewis and Clark,Montana,5690.223999999999
Marinette,Wisconsin,5474.002999999986
Hood,Texas,6841.528999999988
Jefferson,Alabama,54581.54899999883
Rock Island,Illinois,11838.28000000001
Harrison,Mississippi,12952.267999999982
Moore,North Carolina,12972.464000000025
Kit Carson,Colorado,2411.985000000007
Hawaii,Hawaii,4754.427000000011
Cameron,Texas,17107.478000000032
Washington,Pennsylvania,12956.609999999986
Delaware,Indiana,12421.26
Crawford,Iowa,6690.734999999984
Choctaw,Oklahoma,4943.247999999997
Steele,Minnesota,4282.479000000006
Woodward,Oklahoma,3022.736000000003
Nash,North Carolina,12529.294000000016
Campbell,Wyoming,5070.977
Brevard,Florida,27144.7590000002
Oneida,New York,18077.746000000086
Allegheny,Pennsylvania,62917.49599999919
Jackson,Mississippi,6763.904999999988
Pike,Mississippi,5599.624999999992
Broome,New York,12122.150999999934
Licking,Ohio,13971.098999999991
Fremont,Colorado,3483.307000000005
Columbia,New York,6508.962999999994
Tuscola,Michigan,6680.044999999976
Jackson,Oklahoma,3040.2560000000035
Allegany,Maryland,9185.628999999977
Kay,Oklahoma,3620.0970000000098
Rio Arriba,New Mexico,2794.059000000003
Jefferson,New York,8547.736999999986
Mercer,West Virginia,5662.798999999988
Box Butte,Nebraska,3124.4800000000064
Lancaster,Pennsylvania,40311.87199999993
DeKalb,Illinois,12502.48099999997
Westchester,New York,59023.94199999911
Calaveras,California,6222.830000000004
Montgomery,Alabama,21593.363000000165
Salt Lake,Utah,33940.51500000014
Clearfield,Pennsylvania,7447.833999999978
Contra Costa,California,91490.37599999961
San Francisco,California,55344.72700000033
Mahaska,Iowa,5552.040000000003
Charles,Maryland,17607.59400000002
Story,Iowa,9396.784999999998
Stutsman,North Dakota,4349.0250000000015
Kitsap,Washington,12778.743000000002
Whitfield,Georgia,45233.98799999953
Fairbanks North Star,Alaska,4059.068000000015
Faulkner,Arkansas,6229.346999999986
Washington,Tennessee,10737.496999999961
Pittsburg,Oklahoma,4622.648999999988
White,Tennessee,7639.749999999968
Lowndes,Georgia,7554.571999999967
Lawrence,Tennessee,5107.420999999996
Mecosta,Michigan,5202.866999999982
Catawba,North Carolina,12146.334999999986
St. Clair,Missouri,4788.637999999992
Chowan,North Carolina,7742.059999999963
Lenawee,Michigan,8366.808999999981
Minidoka,Idaho,3599.0870000000023
St. Martin,Louisiana,14252.72299999998
Volusia,Florida,18370.943000000058
Charlotte,Florida,12211.251999999971
Franklin,Ohio,105885.29999999882
Muscogee,Georgia,11684.313999999991
Alameda,California,27096.893000000004
Taylor,Kentucky,8737.06799999997
DeKalb,Indiana,9048.664999999977
Ashtabula,Ohio,7337.569999999981
Defiance,Ohio,9341.73799999997
LaPorte,Indiana,14794.050999999967
Lincoln,Nebraska,4843.307999999989
Sarasota,Florida,28387.95700000018
Robeson,North Carolina,8138.294999999975
Glacier,Montana,2996.5730000000017
Boone,Arkansas,4831.077999999986
Kerr,Texas,6002.688999999989
Las Animas,Colorado,2359.253000000006
Josephine,Oregon,5501.511999999998
Smith,Texas,14906.977
Mason,Kentucky,5885.653999999993
Davidson,Tennessee,68133.6889999992
Horry,South Carolina,18942.15500000001
St. Louis,Missouri,77722.81299999934
Clay,South Dakota,4393.521000000002
Ellis,Kansas,5341.885999999991
Wayne,North Carolina,9961.047999999962
Gallatin,Montana,10195.449999999988
Marshall,Indiana,10404.899000000001
Douglas,Colorado,43922.42299999999
Wallowa,Oregon,1578.213000000006
Elkhart,Indiana,20010.7110000001
Will,Illinois,18431.81800000002
Napa,California,7365.604999999999
District of Columbia,District of Columbia,1.451
Richmond,Georgia,16737.148
Genesee,Michigan,35338.40900000023
Blair,Pennsylvania,11549.64200000002
Brookings,South Dakota,4530.016
Broward,Florida,91909.80499999931
Denton,Texas,13438.082999999971
Del Norte,California,9188.414999999977
Cattaraugus,New York,5974.996999999991
Anderson,Texas,5381.63
Manatee,Florida,10414.009999999998
Whitman,Washington,5243.962000000001
Thurston,Washington,12538.50999999998
Richland,Louisiana,3872.802000000005
Kenton,Kentucky,15194.305999999975
Barron,Wisconsin,7202.673999999986
Randolph,North Carolina,10383.33099999999
Orange,California,135921.69599999892
Clark,Washington,17073.767999999985
Williamson,Tennessee,11179.019999999986
Dona Ana,New Mexico,7639.870999999989
Venango,Pennsylvania,6323.70399999998
Warren,Virginia,14486.250999999975
Pitt,North Carolina,11366.781999999987
Wayne,Ohio,8550.519999999977
Carter,Oklahoma,6066.22
Jefferson,Missouri,7103.309999999981
San Joaquin,California,14126.15499999999
Morgan,Illinois,5978.724999999996
Galveston,Texas,9160.353
DeKalb,Alabama,6963.875999999983
Okaloosa,Florida,14975.416999999985
Reno,Kansas,6424.541000000002
Tift,Georgia,8688.144999999982
Kanawha,West Virginia,17821.412000000084
Anchorage,Alaska,8272.06499999997
Lubbock,Texas,16091.560999999994
Calcasieu,Louisiana,13224.59899999998
Murray,Minnesota,4616.909999999991
Genesee,New York,7720.519999999981
Howard,Indiana,11332.76499999998
Duval,Florida,83491.72199999932
St. Francis,Arkansas,4168.855000000004
Forsyth,North Carolina,31844.823000000288
Jefferson,Wisconsin,14820.566999999977
Chaffee,Colorado,2951.582000000007
Humboldt,Nevada,2737.295000000005
Lynchburg City,Virginia,11923.86800000001
Custer,Montana,2752.2800000000084
Uinta,Wyoming,2803.2520000000054
Lake,Florida,15298.672999999995
Adams,Colorado,113920.98599999883
Brewster,Texas,2552.499000000008
Stanislaus,California,18130.30400000001
Newport News City,Virginia,51239.31499999954
Hidalgo,Texas,21913.742000000046
Tuscarawas,Ohio,8849.591999999991
El Paso,Colorado,30895.205000000093
Delaware,Pennsylvania,27470.84500000024
Ouachita,Arkansas,3265.365000000009
Jasper,Missouri,10128.295999999984
New Madrid,Missouri,4844.947999999992
Crawford,Pennsylvania,6039.646999999966
Monroe,Pennsylvania,9296.25099999998
Nez Perce,Idaho,5173.119000000005
Lake,California,3835.843
Sheboygan,Wisconsin,15627.880999999978
Santa Cruz,California,12133.876999999991
St. Clair,Michigan,10346.074999999988
Vermilion,Illinois,5454.259999999979
Eau Claire,Wisconsin,12843.417000000009
Lycoming,Pennsylvania,12563.30000000001
San Diego,California,151978.85799999864
Sherburne,Minnesota,13251.561999999984
Otsego,Michigan,4815.423999999993
Raleigh,West Virginia,7031.4329999999745
Stevens,Minnesota,4114.54100000001
Grand Traverse,Michigan,10650.004000000014
Carbon,Wyoming,2363.204000000008
Natchitoches,Louisiana,4670.378999999992
Santa Barbara,California,23317.76500000008
Muskogee,Oklahoma,7934.815000000001
Bay,Florida,9959.938999999973
Santa Clara,California,104840.41299999924
Pulaski,Virginia,8281.371999999987
Waukesha,Wisconsin,54461.98799999963
Calhoun,Michigan,11319.18899999996
Fresno,California,38951.56299999994
Hamilton,Tennessee,26234.799000000243
Lea,New Mexico,4315.112
Jackson,Oregon,11281.701999999987
Polk,Florida,39924.864999999845
Park,Wyoming,4550.972000000003
Sitka,Alaska,11.608000000000002
Bristol City,Virginia,21296.251000000146
Aiken,South Carolina,9832.44799999998
Cochise,Arizona,6187.933999999991
Boone,Missouri,15485.04699999999
Winnebago,Wisconsin,31426.992000000086
Stark,Ohio,24791.973000000206
Maricopa,Arizona,173569.055999999
McLennan,Texas,13928.470000000001
Marion,Oregon,15104.432999999999
Centre,Pennsylvania,11612.935999999998
Bernalillo,New Mexico,32189.341000000062
Hill,Montana,2760.184000000003
Pottawatomie,Kansas,9262.25799999999
Kern,California,34777.90400000003
Hopkins,Texas,9886.64199999998
Cerro Gordo,Iowa,8368.912999999979
Trumbull,Ohio,16514.247000000003
Brown,Texas,4292.674000000005
Gunnison,Colorado,2695.7540000000067
St. Clair,Illinois,16284.837999999982
Randolph,Arkansas,3831.708000000006
Yavapai,Arizona,12514.857999999942
Martin,Florida,11176.298999999966
San Luis Obispo,California,12068.643000000013
Orange,North Carolina,14333.270000000013
St. Louis,Minnesota,5280.195999999981
Wicomico,Maryland,11016.44399999999
Twin Falls,Idaho,6935.057000000001
Franklin,Missouri,7607.885999999993
Adams,Pennsylvania,8744.347999999974
Whiteside,Illinois,6490.0739999999905
Warren,Kentucky,15810.401999999936
Otero,New Mexico,4428.620000000002
Ector,Texas,12170.181999999984
Washington,Arkansas,21559.10000000006
Knox,Illinois,7744.8589999999795
Kodiak Island,Alaska,961.5550000000064
Montgomery,Pennsylvania,58060.720999999015
New Castle,Delaware,61207.80199999925
Brown,South Dakota,4620.886000000005
Brazoria,Texas,8689.44499999998
Koochiching,Minnesota,2244.4430000000048
Charlottesville City,Virginia,17469.925000000003
Union,North Carolina,16199.733
Isanti,Minnesota,10604.855999999974
Graham,Arizona,3744.8420000000046
Wayne,Indiana,6255.376999999977
La Plata,Colorado,6721.710999999989
Mesa,Colorado,8990.567999999987
White,Arkansas,6362.873999999986
Gibson,Tennessee,5423.866999999991
Marion,Indiana,139248.40699999963
Douglas,Nebraska,46112.995999999825
Pinal,Arizona,5437.382999999998
Washington,Maryland,18952.86000000005
Yolo,California,41829.33000000004
Tioga,Pennsylvania,11552.813000000004
Itasca,Minnesota,4396.805999999997
Chaves,New Mexico,3816.096000000008
Des Moines,Iowa,7245.869999999993
Bibb,Georgia,17623.93700000004
Racine,Wisconsin,18215.536999999993
Union,Arkansas,4180.242000000001
Wake,North Carolina,72699.0049999993
Garland,Arkansas,8625.977999999935
Philadelphia,Pennsylvania,58323.629999999124
Cibola,New Mexico,1757.209000000005
Finney,Kansas,6057.796999999996
Snyder,Pennsylvania,11429.74299999998
Baxter,Arkansas,3733.8890000000088
Montgomery,Indiana,5151.479999999989
Adams,Mississippi,3999.810000000001
Erie,Pennsylvania,14653.459999999966
Tazewell,Illinois,20857.29300000005
Attala,Mississippi,4102.558000000009
Quay,New Mexico,1555.4150000000036
Texas,Oklahoma,2488.1340000000064
McLean,Illinois,15109.727999999992
Crow Wing,Minnesota,6822.326999999987
St. Lucie,Florida,11404.928999999967
Madison,Tennessee,10261.837999999982
Grant,Indiana,5579.516999999991
Cheyenne,Nebraska,2725.3380000000093
Jefferson,Texas,18274.949000000073
Kauai,Hawaii,2048.2290000000025
Dane,Wisconsin,37614.876999999986
Teton,Wyoming,4582.267
Red Willow,Nebraska,3245.3540000000085
Tulsa,Oklahoma,46586.777999999846
Coconino,Arizona,8451.926
Larimer,Colorado,19308.180000000088
Solano,California,12270.034999999996
Hernando,Florida,13967.576999999967
Cumberland,North Carolina,19368.906000000046
Adams,Nebraska,4638.126999999993
Kittitas,Washington,3751.2000000000044
Cass,North Dakota,14761.351000000031
Ulster,New York,11229.678999999962
Coos,Oregon,4583.643
Grand,Utah,2645.301000000001
Guthrie,Iowa,4107.431000000009
Monterey,California,19075.673000000003
Summit,Ohio,25448.423000000203
Otsego,New York,6352.572999999988
Berks,Pennsylvania,22860.77000000017
Miami-Dade,Florida,123780.70799999918
Marion,Florida,14595.529
Marshall,Iowa,5975.837999999994
Taney,Missouri,5798.8419999999915
Holt,Nebraska,3063.6020000000076
Beltrami,Minnesota,5289.015999999976
Franklin,Georgia,7535.932999999994
Jefferson,Kentucky,160101.13000000032
Cowlitz,Washington,6739.031999999992
Ouachita,Louisiana,9377.91999999998
Spartanburg,South Carolina,38575.51399999991
San Miguel,New Mexico,2038.086000000003
Rutherford,Tennessee,13099.270999999975
Hays,Texas,10362.225000000011
Cabell,West Virginia,10905.45899999998
Socorro,New Mexico,2319.332000000003
Walworth,South Dakota,2549.4400000000082
West Baton Rouge,Louisiana,12701.805999999971
Prowers,Colorado,2396.793000000008
Albany,New York,36952.58299999993
Berkeley,South Carolina,14314.002999999959
Mifflin,Pennsylvania,4849.482999999992
Craighead,Arkansas,8534.02899999999
Buncombe,North Carolina,19851.181000000037
Palm Beach,Florida,42898.24499999993
Yuma,Arizona,9267.559999999983
Chemung,New York,7555.071999999991
Bell,Texas,17250.755000000012
Tripp,South Dakota,2891.9560000000056
Alamosa,Colorado,3627.3829999999994
San Mateo,California,43261.847000000045
Williamson,Illinois,13058.066000000026
Baltimore,Maryland,46198.96199999987
Klamath,Oregon,4980.250999999999
Lewis,Washington,5517.339000000001
Bronx,New York,43388.64999999977
Wadena,Minnesota,4353.138000000007
Wayne,Michigan,114961.52299999929
Buffalo,Nebraska,6854.062999999991
Powell,Kentucky,6166.854999999987
Washington,Florida,5698.363999999992
Winona,Minnesota,5834.4379999999765
Madison,Idaho,5928.412000000004
Milwaukee,Wisconsin,29138.243000000035
Grady,Georgia,6005.173999999979
Dallas,Texas,61112.592999999615
Rowan,North Carolina,22973.72900000023
Lucas,Ohio,32078.270000000226
Jefferson,Ohio,6440.388999999982
Escambia,Florida,18960.735000000026
Lincoln,Louisiana,5261.924999999988
Santa Fe,New Mexico,9271.678999999984
Indian River,Florida,9066.946999999978
Winnebago,Illinois,19086.127000000015
Suffolk,New York,99108.42299999829
Snohomish,Washington,23181.22899999997
Sweetwater,Wyoming,4747.845999999993
Troup,Georgia,6142.375999999977
Medina,Ohio,12822.844999999965
Saline,Kansas,7875.486999999985
Hall,Nebraska,6545.2639999999865
McKean,Pennsylvania,5840.290999999978
Adams,Illinois,7020.977999999994
Pierce,Georgia,6664.467999999971
Millard,Utah,1905.3370000000018
Delta,Michigan,4369.279999999994
Albany,Wyoming,3723.6440000000093
Randolph,West Virginia,5461.761999999983
Forrest,Mississippi,8815.871999999988
DuPage,Illinois,87053.24599999943
Valley,Idaho,2576.4110000000064
Erie,New York,50439.98299999947
Frederick,Maryland,18559.525999999976
Brazos,Texas,14255.419999999982
Merced,California,9531.40699999999
Scioto,Ohio,6486.741999999974
Perry,Kentucky,5454.161999999981
Henderson,North Carolina,8122.307999999994
Washoe,Nevada,39351.16000000003
Fayette,Kentucky,145426.76000000018
Columbia,Florida,6273.842999999971
Fairfax,Virginia,72247.51699999934
Marshall,West Virginia,8737.307999999983
Panola,Mississippi,7024.62499999998
Houghton,Michigan,4267.935000000003
St. Tammany,Louisiana,10530.49400000001
Camden,Missouri,7285.503999999987
Westmoreland,Pennsylvania,31982.35700000022
Anderson,Tennessee,7596.105999999974
Washington,Utah,9186.960999999987
Washington,Mississippi,5092.450000000001
Walla Walla,Washington,4364.762000000006
Mohave,Arizona,12810.944999999969
Grant,Oregon,1696.4310000000075
Union,Oregon,2960.6140000000078
Pike,Missouri,3341.5110000000086
Caddo,Louisiana,17737.751999999975
Tillamook,Oregon,2882.6510000000035
Sebastian,Arkansas,9579.39899999997
Curry,New Mexico,4151.999000000005
Putnam,Tennessee,27364.78200000013
Pueblo,Colorado,7948.002999999999
Mason,Michigan,4262.905000000004
Ada,Idaho,15637.373000000007
Warren,Georgia,4552.6220000000085
Chicot,Arkansas,4147.820000000007
Rice,Minnesota,5147.232999999982
Prentiss,Mississippi,5558.848999999986
Lee,Florida,28374.748000000123
Ward,North Dakota,7907.161999999995
Kent,Delaware,19460.83700000003
El Dorado,California,4594.4770000000035
Elmore,Idaho,2702.923000000003
Cabarrus,North Carolina,13906.040000000008
Montgomery,Tennessee,10306.577000000003
Okanogan,Washington,3488.2050000000045
Alachua,Florida,17000.76200000002
Ontario,New York,9864.542999999976
Durham,North Carolina,15328.548999999972
Chatham,Georgia,19552.50700000007
Tuscaloosa,Alabama,11169.592999999988
Cuyahoga,Ohio,114913.00199999938
Ventura,California,32037.11800000013
Honolulu,Hawaii,16435.990999999973
Garfield,Oklahoma,6027.579999999991
Los Angeles,California,400953.6700000063
Madison,Nebraska,6064.620999999981
Payette,Idaho,4789.544999999994
Tippecanoe,Indiana,15079.302
Davison,South Dakota,4786.924000000001
Clark,Nevada,143742.15299999982
Mobile,Alabama,26289.862000000394
Macon,Illinois,8285.556999999977
Comanche,Oklahoma,7659.244999999985
Champaign,Illinois,14257.314999999968
Curry,Oregon,2656.0570000000057
McCracken,Kentucky,11856.17699999998
Butler,Ohio,4839.516999999993
Mahoning,Ohio,9764.123999999973
Harney,Oregon,1430.6140000000046
Bartholomew,Indiana,8772.247999999972
Monroe,Michigan,8028.244999999977
Clinton,New York,8192.162999999977
McKinley,New Mexico,3064.267000000007
Codington,South Dakota,4914.426999999998
Becker,Minnesota,4451.8449999999975
Richmond,New York,19821.69300000003
Monroe,Florida,9150.919999999956
Pima,Arizona,39022.84400000001
Hamilton,Ohio,146636.7879999994
Madison,Indiana,5948.591999999982
Conecuh,Alabama,5701.0819999999785
Rock,Wisconsin,15829.577999999954
Prince George\'s,Maryland,140220.59600000022
Augusta,Virginia,14095.926000000014
Spokane,Washington,25760.923999999995
St. Joseph,Indiana,17221.079
Cole,Missouri,10431.027999999975
Idaho,Idaho,2347.5200000000004
Lafayette,Missouri,5496.122999999997
Marion,Ohio,10921.916999999992
Lake,Indiana,22884.563000000082
Montrose,Colorado,5862.1739999999945
Phillips,Montana,3110.4840000000077
DeSoto,Mississippi,6303.705999999983
Craig,Oklahoma,5815.9590000000035
Johnson,Iowa,11572.111999999996
Clatsop,Oregon,4163.056000000001
Marion,West Virginia,10427.356999999965
Oklahoma,Oklahoma,61324.17399999977
Barton,Kansas,4579.109999999997
Nicollet,Minnesota,9800.771999999997
Jefferson,Louisiana,48940.36399999962
Clarke,Alabama,4585.190000000001
St. Landry,Louisiana,5913.74899999999
Vanderburgh,Indiana,18052.820000000058
Alpena,Michigan,4466.273
Independence,Arkansas,5002.905999999984
Sedgwick,Kansas,32011.1620000001
Gogebic,Michigan,4330.454000000005
Grand Forks,North Dakota,7806.845
Coles,Illinois,9642.834999999994
Clark,Ohio,12443.452999999987
Northampton,Pennsylvania,48246.885999999286
Dakota,Minnesota,53859.759999999886
Warren,Mississippi,4634.628999999999
Guilford,North Carolina,38100.64399999982
Eddy,New Mexico,4488.243000000002
Carbon,Utah,3087.359000000008
Weber,Utah,16567.95100000002
Kent,Michigan,60446.954999999485
Greenbrier,West Virginia,5667.964999999978
Douglas,Oregon,6344.622000000005
Lane,Oregon,20870.917999999918
Tom Green,Texas,7299.711999999999
Sacramento,California,25655.932999999954
Nevada,California,5689.546000000006
Juneau,Alaska,1432.937000000004
Fulton,Georgia,116889.42199999934
Hennepin,Minnesota,124817.26999999925
Cambria,Pennsylvania,12170.909000000005
Greenville,South Carolina,29483.225000000173
Laramie,Wyoming,9140.381999999978
Moffat,Colorado,2747.241000000005
Roanoke City,Virginia,29307.94800000015
Ripley,Indiana,10382.34799999997
Clarke,Georgia,20782.458000000126
Inyo,California,3309.7010000000087
Darlington,South Carolina,12837.058999999996
Mendocino,California,37299.44999999987
Cook,Minnesota,12316.79700000001
Glynn,Georgia,7838.571999999989
Bonner,Idaho,5120.2580000000025
Kankakee,Illinois,8906.007999999982
Custer,Nebraska,2388.4410000000066
Titus,Texas,124744.19299999923
Morgan,Alabama,16578.906000000014
Lincoln,Montana,2370.229000000001
Pierce,Washington,56286.66300000004
Muskingum,Ohio,8517.019999999984
Richland,Illinois,6616.928999999998
Pope,Arkansas,6441.047999999997
Oakland,Michigan,94681.12499999974
Lincoln,Oregon,4166.194000000001
Val Verde,Texas,3900.389000000005
Minnehaha,South Dakota,15143.022999999994
Buchanan,Missouri,9174.157999999983
Hot Spring,Arkansas,3046.364999999998
Lenoir,North Carolina,5957.462999999987
Hopkins,Kentucky,6448.071999999979
Tarrant,Texas,157454.63899999982
Sandoval,New Mexico,957.2810000000047
Crawford,Kansas,4801.008999999987
Maui,Hawaii,3418.8150000000032
White Pine,Nevada,1832.909000000006
Bexar,Texas,82369.77899999982
Utah,Utah,19794.222999999994
Fergus,Montana,2418.106000000005
Douglas,Minnesota,4984.955999999987
Beaufort,South Carolina,14061.50499999999
Pasco,Florida,9646.432999999972
LaSalle,Illinois,9696.484999999975
Montgomery,Texas,15915.886999999986
Hinds,Mississippi,25782.91100000014
Fulton,New York,7163.847999999985
Iberia,Louisiana,5443.575999999986
Webb,Texas,18822.82100000007
Wilkes,North Carolina,6797.3259999999755
Floyd,Georgia,7646.603999999972
Fort Bend,Texas,74116.67199999957
Leflore,Mississippi,4584.678
Montgomery,Iowa,4375.596999999999
Gaston,North Carolina,10236.590000000004
Dickinson,Michigan,4508.418999999993
Portage,Wisconsin,10201.87999999998
Garfield,Colorado,6933.779000000001
St. Croix,Wisconsin,8121.011999999997
Baker,Oregon,2269.9710000000046
Pinellas,Florida,46819.05599999939
Danville City,Virginia,11388.663000000011
DeKalb,Georgia,78906.78999999938
Norfolk City,Virginia,11883.55699999998
Bannock,Idaho,6869.451000000004
Jones,Mississippi,5789.512999999986
Phelps,Missouri,7228.332999999989
East Baton Rouge,Louisiana,6639.980999999993
Cobb,Georgia,23978.90700000025
Scott,Iowa,17343.046000000006
Monroe,Indiana,13080.777999999978
Hillsborough,Florida,66871.92799999936
Iredell,North Carolina,11275.600999999973
Meade,South Dakota,4128.6200000000035
Greene,Missouri,27241.818000000036
Shelby,Tennessee,76815.24199999873
Allen,Ohio,11215.04599999999
Black Hawk,Iowa,13629.281999999987
Chesterfield,Virginia,62463.44899999919
Wapello,Iowa,6589.010999999989
St. Francois,Missouri,6121.680999999989
Boyle,Kentucky,5537.797999999978
Stevens,Washington,3555.5420000000036
Riverside,California,71210.83900000017
La Crosse,Wisconsin,13144.389000000016
Sevier,Utah,4436.314999999992
Blaine,Idaho,3428.1310000000058
Missoula,Montana,10051.317999999985
Oneida,Wisconsin,7168.684999999976
Plumas,California,2180.7110000000052
Emmet,Michigan,6875.844999999978
Clark,Indiana,23057.03000000004
Steuben,New York,10049.937999999913
Pulaski,Kentucky,5550.726999999986
Scott,Missouri,7632.536999999995
Taylor,Texas,10644.258999999996
Dauphin,Pennsylvania,31143.619000000268
Marion,Missouri,4721.518000000001
Harrison,West Virginia,8313.36499999998
Sullivan,New York,5663.027999999996
Marion,Alabama,6022.2899999999845
Madison,Alabama,21749.497000000072
Sumter,South Carolina,7977.768999999972
Olmsted,Minnesota,11991.371999999994
Modoc,California,14177.59699999991
Lancaster,South Carolina,6632.6049999999905
Yakima,Washington,9821.22599999999
Clinton,Ohio,9281.137999999999
Charleston,South Carolina,11186.473999999977
Hall,Georgia,31730.145000000295
Baltimore City,Maryland,50537.062999999755
Marquette,Michigan,5836.329999999988
Henry,Tennessee,6542.041999999991
Onslow,North Carolina,10192.18999999997
Imperial,California,10357.529000000019
Elko,Nevada,4706.154999999996
Luzerne,Pennsylvania,22413.278000000195
Butler,Pennsylvania,15728.577000000018
Gregg,Texas,13802.820999999998
El Paso,Texas,45864.85599999994
Williams,North Dakota,5716.915000000004
Logan,West Virginia,4973.523999999985
Dawson,Montana,3340.0310000000086
New York,New York,116466.20399999717
Lancaster,Nebraska,19549.81700000005
Dooly,Georgia,6615.627999999982
McMinn,Tennessee,6650.691999999983
Nassau,New York,61951.10299999915
Calhoun,Alabama,7828.285999999993
Lexington,South Carolina,36636.39099999993
Marion,Illinois,9851.524999999987
Sandusky,Ohio,7973.835999999989
Union,Iowa,5019.848999999978
Orange,New York,22673.023000000197
Caldwell,North Carolina,7536.2199999999775
Butte,California,14073.831000000011
Tompkins,New York,6482.529999999973
Pennington,South Dakota,8663.843999999986
Lee,Alabama,12034.012999999977
Lorain,Ohio,10526.202000000018
Goodhue,Minnesota,5279.599000000005
Potter,Texas,12695.74099999999
Niagara,New York,13828.26799999995
Schuylkill,Pennsylvania,29649.51400000025
Armstrong,Pennsylvania,8260.07499999999
Churchill,Nevada,3120.5420000000017
Franklin,Kansas,5665.169999999991
Iowa,Wisconsin,8446.534999999985
Rapides,Louisiana,10527.826
Sangamon,Illinois,14930.39
Silver Bow,Montana,4912.785
Dougherty,Georgia,9240.13999999998
Clay,Iowa,8949.798999999974
Washtenaw,Michigan,19246.786000000007
Flathead,Montana,7662.0119999999815
Otter Tail,Minnesota,4491.840000000002
Lawrence,Pennsylvania,9949.17300000001
Tangipahoa,Louisiana,7296.827999999995
Howell,Missouri,5629.100999999988
Hale,Texas,3787.2930000000083
Logan,Colorado,5087.570000000004
Pennington,Minnesota,5323.676999999986
Jackson,North Carolina,6612.136
Muskegon,Michigan,13254.363999999983
Washington,Virginia,4418.618999999995
Ramsey,North Dakota,2835.6860000000074
Bulloch,Georgia,7512.831999999986
Lancaster,Virginia,4858.1860000000015
Hughes,South Dakota,3542.88600000001
Talladega,Alabama,5126.97899999999
Otero,Colorado,2465.645000000006
Caribou,Idaho,2000.4390000000042
Fayette,Georgia,14382.179000000004
Spalding,Georgia,6697.670999999982
Athens,Ohio,5566.699999999989
Chelan,Washington,6800.572000000014
Jackson,Michigan,10283.167999999981
Maury,Tennessee,8506.752999999979
Yellow Medicine,Minnesota,5202.4139999999925
Mississippi,Arkansas,4709.8830000000025
Kings,New York,81616.08699999885
Houston,Alabama,8360.20099999998
Fremont,Wyoming,3404.3300000000063
Grays Harbor,Washington,6312.699999999999
Grant,Washington,7511.995999999991
Washington,Ohio,6132.544999999997
King,Washington,114637.64899999894
Queens,New York,62677.07499999915
Mercer,Ohio,8490.454999999958
Chester,Pennsylvania,70943.7269999989
Franklin,Pennsylvania,13137.038000000006
San Bernardino,California,106680.94399999916
Lauderdale,Mississippi,6724.519999999982
Anderson,South Carolina,11065.063999999968
Lee,Mississippi,9281.372999999981
Luna,New Mexico,2249.5240000000094
Watonwan,Minnesota,4565.835999999997
Woodbury,Iowa,13833.36399999998
Yuba,California,8010.698000000002
Boyd,Kentucky,9511.226000000002
Harris,Texas,180287.57500000155
Dutchess,New York,12961.016999999967
Orangeburg,South Carolina,6083.547999999972
Allen,Indiana,29670.168000000034
Beaver,Pennsylvania,9292.691
Seminole,Florida,54099.95299999917
Floyd,Kentucky,5201.918999999983
Mecklenburg,North Carolina,62449.4499999994
Lyon,Kansas,4556.058000000003
Stark,North Dakota,5149.739999999995
Cache,Utah,8404.51799999999
Douglas,Kansas,8126.998999999993
Wexford,Michigan,5069.610999999984
Butler,Missouri,4511.526999999999
Gray,Texas,4565.507000000003
Beadle,South Dakota,2614.7300000000087
Siskiyou,California,3494.2350000000056
Uintah,Utah,3975.6050000000055
Grayson,Texas,7085.123999999988
San Juan,New Mexico,5579.744999999995
York,South Carolina,14543.15300000004
Washington,Oregon,48398.22100000012
Deschutes,Oregon,14120.182999999985
Lowndes,Mississippi,7554.577000000005
McNairy,Tennessee,4559.2400000000025
Livingston,Missouri,5118.151
Carroll,Georgia,7651.221999999989
Ross,Ohio,10989.993000000017
Indiana,Pennsylvania,5672.871999999976
Ascension,Louisiana,7659.001999999997
Pike,Kentucky,4642.69999999999
Wyandotte,Kansas,54085.69599999957
Stephenson,Illinois,6198.308999999972
Maverick,Texas,3638.858000000005
Kootenai,Idaho,6509.261000000003
Spotsylvania,Virginia,14522.055999999977
Virginia Beach City,Virginia,44578.08999999967
Santa Cruz,Arizona,5383.805999999997
Payne,Oklahoma,6001.294999999989
Benton,Washington,12934.664999999979
Nemaha,Nebraska,3427.949000000002
Sauk,Wisconsin,9350.612000000016
Colfax,New Mexico,2086.5430000000047
McLeod,Minnesota,7266.595999999983
Emanuel,Georgia,7462.525999999988
Daviess,Indiana,5943.648999999998
Marin,California,9576.510999999997
Cook,Illinois,404277.69000000803
Sherman,Kansas,23330.862000000023
St. Johns,Florida,12483.351999999983
Custer,Oklahoma,4968.070000000008
Cleveland,North Carolina,10485.80499999996
Ogemaw,Michigan,6773.057999999983
Greenwood,South Carolina,5534.82099999998
Vigo,Indiana,9436.674999999965
Lemhi,Idaho,1813.211000000003
Coffee,Tennessee,8836.002999999988
Pettis,Missouri,5840.392999999992
Linn,Oregon,10278.26699999998
Shawnee,Kansas,11980.967999999999
Madison,Illinois,50514.481999999865
Daviess,Kentucky,11949.83
Richland,Ohio,12228.65500000001
Weld,Colorado,8033.531999999997
Dyer,Tennessee,5744.8519999999935
Canyon,Idaho,60240.12599999996
Sonoma,California,29960.22100000002
Polk,Iowa,38864.149999999965
Chippewa,Michigan,5019.176999999977
Midland,Texas,11757.622999999978
Christian,Kentucky,6850.836999999969
Lafayette,Louisiana,16199.148999999989