DE,HI,17.878
WA,NV,19508.882
WA,SD,874.529
WA,SC,4289.057
WV,CA,6289.293
MI,DE,1382.811
MI,DC,489.773
RI,KY,1102.646
OR,HI,168.174
RI,KS,470.152
CO,NY,10480.403
MS,VT,349.858
CO,NV,11005.636
CO,NH,1286.99
CO,NJ,8960.03
CO,NM,1795.279
AK,GA,571.426
MS,VA,3283.122
CO,NC,7072.014
CO,NE,3697.082
CO,ND,686.848
TX,LA,11743.659
VA,MA,9150.722
VA,ME,5805.961
VA,MD,30423.949
VA,MI,11155.361
VA,MO,7054.461
VA,MN,8903.706
VA,MS,3513.379
VA,MT,786.883
WY,OH,2267.632
WY,OK,728.17
NJ,OH,35390.338
NJ,OK,5726.599
NJ,OR,3498.821
TN,AK,122.661
MN,ND,1971.233
MN,NE,3452.403
NM,OR,1231.842
NH,OR,717.561
MN,NC,7614.798
MN,NM,690.643
MN,NH,1359.771
UT,KS,3478.043
MN,NJ,11812.614
MN,NV,2592.804
TN,KY,24222.392
MD,CT,4193.656
TN,KS,8827.518
MN,NY,11600.15
NH,OH,6036.083
ND,ND,2434.584
NV,WY,527.277
SD,MS,359.372
IA,TX,13489.374
SD,MT,325.582
AR,TX,30716.474
UT,MS,886.02
NH,AR,379.994
NY,GA,33137.942
NV,WV,349.596
RI,DE,95.849
SD,MA,888.436
NV,WI,2318.52
UT,MI,2697.942
NH,AK,29.647
SD,ME,301.703
SD,MD,714.8
PA,LA,3296.238
SD,MI,1597.171
NV,WA,10376.8
UT,MA,1769.027
UT,ME,731.881
UT,MD,1266.703
ME,SC,1557.05
ND,HI,16.75
ME,SD,211.715
IA,AK,41.485
SD,SC,1043.714
LA,WA,2126.217
NE,HI,26.874
NV,KY,2724.56
VT,LA,212.273
NV,KS,2247.777
NE,NE,7706.566
NE,NJ,3268.671
ID,IL,5340.767
ID,IN,2640.322
IN,AL,3607.052
ID,IA,1221.086
WA,AZ,13631.157
DE,IL,3664.641
CA,DC,1496.671
MA,PA,42925.774
DE,IN,2858.26
DE,OR,464.765
GA,FL,43234.205
DE,OK,897.026
DE,OH,6940.971
RI,CO,257.547
IL,VA,16964.529
MT,IA,963.772
MT,IN,1771.216
VA,NV,2755.227
MT,IL,4195.929
DC,TN,3356.842
IL,VT,1607.931
DC,TX,2549.627
HI,VA,407.167
KS,WI,4534.845
IA,FL,4404.649
KS,WA,1827.722
HI,VT,103.94
OK,IN,6554.167
NC,KY,25695.994
KS,WY,245.307
KS,WV,381.694
NC,KS,7756.622
OK,IA,2119.525
CA,TX,95480.311
IA,HI,69.357
IN,MS,2191.877
HI,DE,59.581
HI,DC,36.601
IN,MI,17733.867
MO,WV,1123.73
CA,TN,58496.903
IN,MO,8756.967
IN,MN,10449.047
IN,MA,5983.436
IN,ME,2122.32
IN,MD,6618.315
AR,CO,2112.512
VA,PA,65442.223
MS,WV,476.283
CO,OR,4715.59
MS,WY,161.664
CO,OK,5999.111
CO,OH,13353.498
MS,WI,3262.304
SC,LA,1300.303
NM,GA,2704.34
TX,MA,14869.319
TX,MD,11829.674
TX,ME,4855.93
TX,MI,23826.833
TX,MN,23971.377
TX,MO,22446.774
MD,UT,1496.074
TX,MS,10362.26
TX,MT,2168.067
MA,MO,5082.901
WV,NV,498.125
MT,WY,376.821
CA,MA,19932.39
WY,OR,1346.3
LA,CT,1318.143
WV,ND,139.125
WV,NE,646.079
MT,WI,2098.205
WV,NC,4364.671
LA,CA,16831.637
WV,NM,161.627
WV,NJ,4829.616
WV,NH,398.496
WY,WA,1676.516
AL,OH,17857.294
AL,OK,2296.593
SC,TX,14265.576
AL,OR,1609.259
SC,TN,15925.944
VA,AZ,4716.509
PA,OR,5262.247
NY,FL,30190.962
KY,TN,27293.703
MD,TX,12458.934
AR,WV,455.218
AR,WI,3968.701
SD,LA,363.412
KY,TX,31005.203
PA,OK,6158.685
MD,TN,13543.818
PA,OH,66653.27
KS,AR,1131.523
UT,LA,713.64
ME,PA,9425.522
LA,NM,448.845
ND,ID,375.248
ND,IA,1156.097
ND,IL,5424.885
ND,IN,1821.799
WA,FL,7981.903
MS,SD,396.155
WA,TX,18337.999
WA,TN,10703.261
OR,OR,30608.2
AK,RI,44.421
AL,CO,2250.433
OR,OH,9241.192
OR,OK,2425.027
FL,ID,1953.849
FL,IA,7060.785
FL,IL,42075.246
FL,IN,30054.341
NE,WA,1678.618
CA,CA,789882.114
CO,CA,49129.137
ID,HI,59.775
GA,GA,95164.152
CT,MS,1097.658
CT,MT,243.302
OR,SC,2885.483
MO,FL,9248.02
CT,MA,14765.87
CT,ME,5424.261
CT,MD,4832.09
CT,MI,5032.38
CT,MO,2713.307
CT,MN,3171.398
MA,CO,3392.532
NJ,HI,265.825
MA,CA,30244.784
KY,FL,23515.898
ND,UT,1097.047
MA,CT,17858.105
NY,UT,5860.155
MN,IA,7696.015
MN,ID,1083.459
NY,TN,49373.418
MN,IL,39240.51
MN,IN,16179.434
TN,NM,852.63
NH,LA,397.907
NY,TX,43743.84
TN,HI,203.962
MO,PA,13988.226
IA,IL,30751.058
IA,IN,9935.028
IA,IA,16011.703
HI,GA,778.452
IA,ID,1074.942
OH,CT,7812.851
OH,CO,6446.776
WI,GA,10429.194
OH,CA,56472.673
IN,LA,1984.622
MA,VT,2055.773
DE,ND,74.253
DE,NE,303.55
VT,MS,212.437
VT,MT,102.275
SD,PA,2659.195
NV,LA,642.881
NE,OH,6303.76
NE,OK,1707.468
DE,NH,422.45
DE,NJ,18735.623
VT,MA,4362.584
DE,NV,760.048
CA,KS,25882.698
VT,MD,1554.335
VT,ME,2044.216
VT,MI,1089.899
OK,MO,5016.235
DE,NY,5968.762
VT,MN,911.29
VT,MO,769.477
AZ,MO,4620.517
AZ,MN,6048.812
AZ,MI,5473.305
AZ,ME,1338.205
AZ,MD,2447.814
AZ,MA,3656.567
IL,GA,24621.988
AZ,MT,869.797
WA,WY,567.923
AZ,MS,1666.048
WV,MS,578.163
WV,MT,151.468
MT,VT,277.901
MS,FL,10681.045
WV,MA,1450.335
NM,PA,3848.055
WV,ME,649.725
WV,MD,2740.109
DC,IA,516.764
WV,MO,1738.184
WV,MN,1923.226
MT,VA,1415.067
AL,NC,9620.986
ID,SC,1409.208
AL,ND,330.173
AL,NE,1720.201
AL,NJ,8475.082
AL,NH,896.868
FL,HI,364.507
AL,NM,494.437
AL,NV,1711.571
NC,RI,1246.538
AL,NY,8022.378
KY,HI,234.787
MT,HI,25.822
WY,RI,95.703
LA,PA,9153.92
IL,UT,4718.487
OK,NY,5813.014
KS,TN,7899.532
IA,GA,5889.579
VT,CA,3375.383
NH,OK,879.153
OK,NH,655.872
PA,MO,11997.093
OK,NJ,4950.989
OK,NM,658.26
WI,IA,4507.402
WI,IN,16491.127
OK,NC,5596.96
OK,NE,1607.387
OK,ND,351.685
SC,CO,2155.384
ME,CT,3788.101
AR,DE,364.009
AR,DC,140.254
WA,UT,13872.655
ME,CA,6040.919
MS,NE,940.62
SC,CT,2145.742
OR,NV,11256.669
RI,IN,962.686
RI,IL,1428.909
IN,VT,886.83
RI,IA,239.769
AK,SC,341.537
AK,SD,89.67
OH,MT,1150.599
OR,NC,5237.936
CO,RI,504.07
OR,ND,510.11
OR,NE,1423.621
OR,NJ,7212.01
OR,NH,956.213
OR,NM,680.753
AK,AR,121.142
KS,UT,1393.395
NC,DE,1984.983
NC,DC,687.746
AK,AZ,332.424
AK,AK,614.005
UT,MT,689.767
AK,AL,197.488
AR,TN,14856.369
TX,NM,4892.063
WY,AZ,1670.58
TX,NJ,36844.657
CO,LA,1595.425
TX,NH,4212.385
TX,NE,7450.138
TX,ND,1795.489
TX,NC,34480.355
NM,FL,2782.496
VA,KY,18742.528
WY,AL,480.66
OK,CA,17929.008
TX,NY,38882.154
NH,AL,636.024
VA,KS,6349.693
UT,MN,3426.35
NJ,IA,4555.955
NJ,ID,1138.114
NJ,IN,19102.058
NJ,IL,28099.187
AL,VT,585.071
CT,UT,1091.672
NY,SC,20427.731
MD,AL,2010.997
MD,AK,50.773
KY,GA,20023.887
SD,AR,405.855
NH,MT,157.233
MN,HI,116.033
NH,MS,423.125
TN,IA,3412.82
NH,MN,1666.049
NH,MO,1365.037
TN,ID,966.038
NH,MI,1964.425
NH,MD,2307.479
SD,AL,628.086
VT,UT,366.431
SD,MN,6261.045
TN,IL,24307.012
NH,MA,10520.259
TN,IN,18964.419
PA,NY,58528.834
PA,NV,4599.087
SD,OR,871.816
TX,CA,154430.581
PA,NM,1275.058
MD,SC,5743.951
PA,NH,4909.476
MD,SD,438.556
PA,NJ,101234.067
SD,OH,3214.994
PA,ND,942.437
PA,NE,3750.21
KY,UT,1915.438
PA,NC,26617.673
MT,NM,261.006
AR,VA,3238.104
ND,NV,1265.655
ND,NY,1887.767
AR,VT,405.427
WA,GA,7877.72
ND,NC,1430.291
ND,NE,786.038
MT,NH,349.411
UT,KY,3977.382
ND,NH,238.132
ND,NJ,1624.773
ND,NM,159.456
DE,IA,796.431
NE,NC,3058.313
NM,SD,328.653
NV,MI,2113.688
NV,MN,4862.632
NV,MO,1878.721
NE,ND,421.922
SD,SD,2237.844
CA,DE,3202.17
NE,NH,475.023
NV,MA,1357.677
MD,OH,19265.21
NV,MD,919.396
OH,PA,64295.636
NE,NV,2006.987
MD,OR,1751.882
NV,MS,818.663
NE,NY,3812.327
NV,MT,907.222
ND,RI,90.46
NY,ND,1114.938
AZ,LA,1436.215
VA,WA,5418.258
IL,FL,18719.888
FL,NC,36608.339
ID,OR,6948.718
FL,NE,4396.083
FL,ND,942.102
FL,NH,3522.524
FL,NJ,50306.048
FL,NM,1573.258
FL,NV,6218.302
FL,NY,38765.127
ID,OH,4458.462
ID,OK,1130.808
PA,WA,8172.128
MA,VA,16464.589
UT,MO,2466.907
OR,RI,379.783
CT,LA,726.266
MO,GA,11544.908
ID,SD,453.37
AR,SD,457.651
IL,TN,42352.405
LA,SC,5030.463
TN,VA,12356.542
MT,GA,1724.483
LA,SD,454.562
IL,TX,46453.368
IN,MT,688.438
IA,DC,199.333
NC,UT,3064.346
HI,PA,1173.784
IA,DE,411.356
CT,PA,26700.804
OK,OR,1497.899
OK,OK,13689.412
OK,OH,8038.771
IA,CT,1403.874
IA,VT,543.637
CA,VT,3561.082
IA,VA,3668.99
ND,MA,732.074
HI,FL,806.794
CA,VA,29914.63
SD,AZ,1365.637
IN,OK,3769.496
IN,OH,49587.809
IL,MO,20464.244
IN,OR,2972.436
NC,GA,38187.255
KS,CA,11915.579
KS,CO,4074.026
KS,CT,936.367
IA,SC,3551.58
LA,IA,1763.962
TX,OH,56024.243
CO,MA,4181.144
TX,OK,37367.351
CO,MD,3130.046
CO,ME,2263.645
CO,MI,6428.65
CO,MN,8816.475
CO,MO,6616.213
CO,MS,1974.017
CO,MT,1048.074
IA,SD,1207.297
TX,OR,9709.867
IA,OK,2315.535
MS,GA,9157.642
AR,AZ,2804.534
NM,WV,263.397
NM,WY,228.457
MT,UT,4735.039
NM,WA,1722.033
NM,WI,2436.973
WV,LA,579.514
AL,MO,4447.643
AL,MN,4654.012
AL,MI,5429.967
AL,ME,1511.259
AL,MD,2868.377
WY,PA,2282.89
DC,HI,16.75
AL,MA,3125.177
SC,RI,607.654
NE,NM,322.619
AL,MT,379.449
AL,MS,3548.446
SD,NY,2201.761
TX,AL,11326.524
TX,AK,360.177
SD,NV,1270.291
SD,NH,286.609
NY,DE,9024.955
SD,NJ,1715.894
TX,AR,8809.792
PA,IL,42350.181
NM,KS,2705.452
PA,IN,26285.492
PA,IA,6256.974
SD,NC,1509.742
NM,KY,2543.193
SD,NE,1494.832
KY,VT,1239.211
ND,OR,791.394
ME,NV,511.148
ME,NY,6250.342
NV,TX,14840.647
ME,NE,463.774
ME,ND,136.649
WA,HI,242.548
ME,NC,2735.819
ME,NM,212.457
ND,OK,832.122
ND,OH,3139.232
ME,NH,2119.368
ME,NJ,12710.234
AL,CA,18382.815
AR,GA,7036.674
AL,CT,1682.335
WA,VA,6410.449
OR,MT,946.174
OR,MS,1291.11
OR,MO,3683.281
OR,MN,5577.064
WA,VT,994.375
AK,LA,126.011
OR,MI,4498.963
MI,KY,25090.326
WV,IL,5802.858
OR,ME,1530.947
OR,MD,2193.812
CO,SC,3688.261
OR,MA,3103.853
VA,CT,6207.306
CA,AR,5580.979
ID,NV,6817.378
FL,OK,8609.335
FL,OH,48782.887
ID,NY,3498.838
FL,OR,6032.313
ID,NC,2643.004
VA,OK,3947.098
ID,ND,342.789
AR,NY,5288.474
ID,NJ,2769.176
ID,NH,465.199
ID,NM,344.238
GA,IN,16762.961
MI,ID,1304.184
GA,IL,27625.727
MA,WA,4268.657
OH,WY,730.391
NJ,DC,1522.579
GA,ID,1085.862
MA,WI,11756.073
CT,OR,1312.934
GA,IA,4030.68
MA,WV,5540.105
CT,OH,13247.161
MA,WY,310.598
OR,CT,1873.721
AK,NE,92.443
MA,AR,1428.213
RI,NE,124.728
MA,AZ,4193.058
MI,IL,68874.694
OR,CA,64558.079
KY,NM,659.472
MA,AL,2271.864
OR,CO,4929.204
ID,ID,4395.434
RI,NH,476.658
MA,AK,86.431
NY,RI,5115.557
TN,FL,19217.039
MN,KY,13361.188
MN,KS,10657.936
KY,NV,1803.736
IA,WV,560.48
HI,AR,153.844
MO,RI,553.54
CT,AR,774.28
HI,AZ,795.369
IA,WY,298.057
KY,KS,6877.193
IA,WA,2789.508
CT,AL,1131.422
HI,AK,15.929
HI,AL,232.663
CT,AK,40.145
IA,WI,10306.263
MD,HI,91.642
IN,NC,13534.457
IN,ND,620.785
IN,NE,2705.591
IN,NH,1581.146
IN,NJ,17015.624
NV,UT,7884.766
CA,WI,31354.046
NE,CT,842.831
CA,WV,5657.867
OH,WA,7585.017
IN,NV,2587.563
IN,NY,16778.215
VT,SD,114.416
NE,MO,4342.634
NE,MN,7450.932
MD,ND,281.005
MD,NE,1221.775
SD,RI,106.898
NE,MI,2971.138
OH,SC,15796.855
NE,ME,541.094
NE,MD,1183.702
MD,NJ,37603.589
NE,MA,1490.96
FL,ME,3893.25
MD,NV,1601.119
VT,CO,674.565
NV,NE,938.911
ND,WI,3091.572
NV,NC,2536.459
NV,NM,1372.196
NE,MT,350.821
NE,MS,869.798
NV,NJ,3603.309
NV,NH,437.967
AZ,OK,3323.188
ND,SD,856.396
AZ,OH,11398.229
ND,SC,1008.593
AZ,OR,4403.265
WV,KY,5346.742
ND,WA,1499.225
MS,HI,46.278
NY,SD,1726.305
NM,VT,303.139
WV,KS,1508.325
NM,VA,1868.595
ND,CO,1356.058
LA,DC,185.719
LA,DE,402.516
DC,OH,3790.297
MT,TN,2159.238
DC,OR,421.115
SC,SC,28282.831
MT,TX,5020.099
SC,SD,516.611
MT,FL,1896.87
MS,NV,1099.88
IL,KS,19134.43
IL,KY,36641.257
ID,RI,169.69
TN,MO,8303.855
MD,OK,2301.977
LA,RI,302.863
CT,SC,4550.689
WI,KY,12774.34
CT,SD,304.352
HI,SD,70.271
HI,SC,315.774
NC,TX,25419.507
WI,KS,9343.726
NV,ME,458.244
TN,ME,2371.095
KS,RI,214.656
WI,AR,1653.559
IN,PA,23815.004
SC,AR,1485.393
WY,CA,8839.961
SD,MO,1645.68
ME,AR,404.849
WY,CO,4761.853
WY,CT,423.662
MT,ID,1288.782
ME,AL,693.523
AR,FL,5180.536
NJ,FL,17961.928
SC,AL,3070.24
KS,NE,2738.116
KS,ND,350.216
AK,MT,71.281
RI,OR,198.748
AK,MS,100.081
KS,NC,3896.587
KS,NM,413.731
WA,WI,8509.937
OK,NV,3533.862
KS,NH,498.779
KS,NJ,3562.652
AK,MD,201.984
AK,ME,191.479
WA,WV,1060.07
AK,MA,371.156
AK,MN,621.375
RI,OH,2066.515
CO,PA,13077.917
KS,NY,4356.749
AK,MI,420.435
NC,FL,33516.839
AK,CT,161.682
CA,UT,51571.369
NE,TX,12119.442
OK,RI,275.878
AK,CO,285.702
AK,CA,2669.991
MS,LA,3782.45
NM,DC,82.95
NM,DE,215.355
VA,ID,1105.559
TX,PA,48082.22
VA,IA,3949.345
VA,IN,16888.578
VA,IL,21667.916
NJ,KY,20035.639
NJ,KS,6384.722
MA,FL,10252.552
IN,TX,21292.418
NH,KY,3211.6
NH,CT,4098.49
SD,CT,463.449
NH,KS,1139.546
KY,AL,5886.77
KY,AR,3063.899
SD,CA,6569.129
MN,RI,635.893
KY,AZ,3346.13
SD,CO,3817.541
TN,GA,32522.716
KY,WV,2481.458
NY,CT,39649.003
KY,WY,370.448
NY,CA,89533.232
AR,ND,264.43
PA,HI,296.774
KY,WA,4188.41
KY,WI,11458.359
NY,CO,9353.345
UT,IN,3337.711
AR,PA,6557.616
ME,OR,827.37
UT,ID,2529.257
UT,IA,1716.881
WA,IN,7931.241
WA,IL,16845.476
WA,ID,3791.059
ME,OK,619.195
ME,OH,5544.023
WA,IA,6995.923
MD,MA,5306.569
MN,DE,664.019
MN,DC,282.632
MD,ME,3101.256
MD,MD,24552.628
NE,LA,648.156
MD,MI,6424.177
MD,MO,3955.098
MD,MN,5208.478
MD,MS,1831.631
DE,KY,5763.73
MD,MT,333.297
NV,OH,4258.116
NV,OK,1273.139
DE,KS,1088.811
OH,RI,1917.156
ID,CT,786.798
ND,PA,2307.182
AZ,NY,9393.395
AZ,ND,523.178
AZ,NE,1699.665
ID,CA,28450.19
AZ,NC,6691.598
AZ,NM,1804.286
ID,CO,4751.056
IL,DC,751.674
AZ,NH,1106.279
IL,DE,1504.326
AZ,NJ,8016.787
VT,RI,568.805
ID,MT,868.269
ID,MS,662.236
FL,LA,5123.33
ID,MO,2007.86
ID,MN,2645.096
ID,MI,2246.743
ID,ME,666.853
ID,MD,1017.249
ID,MA,1471.282
MO,AR,2935.41
CT,NY,18333.031
RI,SC,518.413
MO,AZ,4277.189
WI,HI,131.697
OR,PA,9856.004
CT,NV,1252.944
AL,PA,13708.095
CT,NH,1987.692
CT,NJ,33710.399
CT,NM,278.839
MA,TX,15507.139
MO,AK,79.728
CT,NC,6106.808
CT,ND,193.777
CT,NE,792.092
MO,AL,3243.928
SD,NM,191.913
LA,UT,1207.411
NY,DC,1515.52
WA,CA,94257.938
MO,WA,3867.466
HI,RI,56.968
MD,RI,712.153
NC,WV,4162.108
SD,ND,605.167
NC,WY,429.348
PA,ID,1819.878
KS,SC,2385.199
NC,WA,5241.309
KS,SD,607.576
IN,SC,8439.52
NC,WI,12053.478
IN,SD,949.943
IL,OR,5805.535
MO,SC,5843.396
MO,SD,1029.228
MO,WI,11129.791
SC,UT,1408.586
IA,TN,10556.371
CA,PA,69017.667
OH,DC,1042.123
IN,AK,104.791
OH,DE,2156.565
WI,FL,7336.467
IN,AZ,4274.372
FL,TX,62235.481
AL,AZ,2875.804
IN,AR,2202.128
NC,AK,101.056
KS,AK,27.749
KS,AL,1334.773
NC,AL,5128.025
SC,PA,17031.2
SD,OK,854.31
KS,AZ,2161.33
NC,AZ,5100.042
OK,SD,580.078
NC,AR,2778.431
OK,SC,3591.642
CO,CO,47661.776
FL,WY,749.061
MO,WY,493.755
VA,HI,292.97
CO,CT,2288.933
NV,IL,5940.899
MS,IN,5770.42
OK,MA,2291.269
MS,IL,8843.4
OK,MD,1573.164
OK,ME,828.688
HI,OR,536.652
OK,MI,3910.793
MS,ID,413.145
NM,UT,3636.777
OK,MN,4056.178
MS,IA,1353.731
OK,MS,1737.263
OK,MT,352.521
DC,NC,1953.355
MT,SC,1030.545
MT,SD,483.059
DC,ND,52.786
DC,NE,231.933
DC,NJ,10071.726
DC,NH,298.01
LA,GA,12081.84
DC,NM,93.39
AL,SD,599.877
DC,NV,400.401
AL,SC,7544.084
DC,NY,3930.729
NM,IA,1080.747
TX,CO,24784.903
NM,ID,565.072
NM,IN,2363.594
NM,IL,4751.977
KY,PA,26902.98
TX,CT,8331.755
MD,PA,49922.496
UT,HI,107.211
ND,MS,307.768
AR,SC,3117.402
ND,MI,1518.108
ME,LA,411.776
PA,KS,11141.408
ND,MN,6816.374
ND,MO,1535.901
TN,VT,925.115
ND,MD,574.61
ND,ME,259.391
PA,KY,28505.51
WV,DC,117.19
LA,ID,505.388
WY,DC,57.458
AR,AR,7078.855
SC,NY,9947.177
AL,AK,54.023
LA,IL,12496.748
LA,IN,7749.866
AL,AL,15064.743
SC,NM,452.683
AL,AR,1902.044
SC,NH,1023.126
SC,NJ,13427.898
SC,NE,1421.586
SC,ND,270.803
AR,AK,27.798
AR,AL,2204.694
SC,NC,25529.252
NC,PA,37739.119
RI,NV,194.993
AK,NV,443.561
AK,NY,743.761
RI,NY,2534.296
KS,OK,3374.613
KS,OH,7098.521
AK,NC,435.863
RI,NC,902.812
KS,OR,1178.744
MI,IA,5257.404
RI,ND,37.068
AK,ND,49.078
RI,NJ,4474.509
AK,NJ,562.805
MI,IN,29760.861
AK,NH,111.484
AK,NM,51.138
RI,NM,47.522
FL,MI,19245.812
ND,CT,382.949
FL,MN,17049.551
FL,MO,14387.994
FL,MA,12947.46
UT,FL,3298.147
FL,MD,12882.899
VT,SC,754.42
NH,HI,30.859
ND,CA,5881.59
ID,LA,562.76
FL,MS,7513.097
FL,MT,1218.528
OR,WI,5842.197
GA,KS,11325.253
OR,WA,27129.594
GA,KY,22897.256
RI,RI,1493.939
OR,WY,419.199
MA,UT,2131.305
OR,WV,782.44
OR,AR,961.613
OR,AZ,8596.462
NJ,TX,23851.102
MA,GA,10999.156
MD,AR,1227.255
OR,AK,117.893
NJ,TN,26876.224
NE,ID,715.937
OR,AL,1622.746
MN,UT,2700.645
MS,WA,1707.88
NY,PA,157417.308
TN,DC,444.799
TN,DE,1216.356
TX,AZ,34162.806
CT,CT,14818.339
IA,UT,2060.169
ME,AZ,884.994
HI,CT,207.88
HI,CO,355.53
CT,CA,15147.124
MO,LA,1938.715
KY,LA,4378.401
CT,CO,1621.944
TN,OR,2693.634
HI,CA,6104.668
OH,UT,4412.392
DE,DE,1509.594
DE,DC,243.886
AR,NM,396.114
NE,AK,13.079
OH,GA,27192.328
NE,AL,1077.43
NE,AR,846.261
NE,AZ,2255.215
MN,GA,9035.991
SD,TN,2551.139
TN,SD,865.839
NH,VT,672.577
MD,LA,1027.347
NE,SD,1033.349
SD,TX,5064.324
CA,GA,35452.322
NE,SC,2055.09
NH,VA,3757.616
CO,SD,1206.893
FL,CA,81472.404
VT,AL,334.967
FL,CO,7865.664
MI,KS,11993.483
AZ,IA,3001.761
FL,CT,8044.491
AZ,ID,1839.44
VT,AR,211.475
ID,KY,2646.052
WY,KS,1362.125
AZ,IL,14460.83
VT,AZ,492.276
AZ,IN,6212.264
NM,TX,21098.562
OH,ID,1743.737
OH,IA,6468.867
OH,IL,58908.625
OH,IN,52204.367
IN,RI,913.178
VA,LA,2292.608
NM,TN,4181.131
DC,MO,801.708
DC,MN,1166.784
WV,ID,256.871
LA,FL,12297.767
DC,MI,1388.547
WV,IN,4041.877
DC,ME,557.127
MT,RI,134.566
DC,MA,1434.262
WY,SD,408.2
AZ,UT,8664.538
WY,SC,717.194
DC,MT,73.334
DC,MS,336.678
AL,RI,423.202
LA,TX,47245.879
ID,PA,4142.289
MT,DE,179.991
IL,IA,11960.225
KY,ID,819.322
MT,DC,73.519
LA,TN,17971.566
IL,IN,49320.952
IL,IL,162434.03
HI,MT,66.317
AK,IA,216.926
IA,CO,4453.831
HI,MS,108.497
NC,VT,1176.368
WI,MS,1886.839
IA,CA,16061.081
WI,MT,638.111
HI,ME,126.697
HI,MD,276.25
WI,MI,12670.373
HI,MA,410.953
WI,MO,6400.546
HI,MO,581.144
WI,MA,4205.067
HI,MI,546.5
NC,VA,35037.943
KS,PA,5485.827
WI,ME,2210.729
DC,CA,5179.315
DC,CO,540.644
ID,NE,832.109
SC,OR,1678.447
LA,HI,35.876
DC,CT,1253.333
SC,OK,1762.497
SC,OH,17826.993
VT,AK,9.231
KS,LA,823.172
MI,NV,3515.147
MI,NY,22314.732
RI,MT,43.796
RI,MS,223.884
AK,OR,372.702
RI,MO,444.586
RI,MN,516.634
MI,NC,15679.728
MO,KS,19614.148
AK,OH,748.32
MI,ND,829.35
RI,MI,652.786
AK,OK,116.898
MI,NH,2131.283
RI,ME,879.309
RI,MD,717.708
MI,NM,899.157
RI,MA,3529.788
NJ,DE,6070.984
MT,WV,191.203
MD,CA,21384.647
DE,MD,6035.197
OK,PA,7264.932
WV,NY,3743.907
WV,WY,116.654
WV,WV,3033.004
WV,WI,2547.564
LA,CO,2248.127
TX,RI,2126.623
VA,GA,20410.965
OR,LA,1081.037
RI,CT,1772.157
NJ,UT,3041.115
RI,CA,2380.887
WA,KS,6138.068
MA,DE,1294.149
MA,DC,473.993
WA,KY,8603.801
PA,TX,35398.163
KY,CO,3413.349
KY,CA,24553.024
MN,TX,19382.485
PA,TN,33688.886
MN,TN,17623.801
CT,OK,1582.894
KY,CT,5886.12
NY,OH,75061.145
NY,OK,10969.825
CO,VA,5738.132
NY,AZ,12239.945
TX,DC,1130.254
TX,DE,2245.146
NY,AR,4145.793
NY,AL,6331.206
NY,AK,183.743
CO,VT,1004.823
AR,RI,231.505
UT,WV,399.694
TN,WI,10158.597
ME,MT,185.695
UT,WY,540.202
ME,MS,474.75
ME,MN,1688.053
ME,MO,1470.036
UT,WA,5319.612
ME,MI,2187.984
TN,WY,408.689
ME,MD,3231.957
ME,ME,7418.663
UT,WI,3205.269
ME,MA,9304.89
MN,FL,7971.848
SD,WV,213.361
KY,MD,10267.221
KY,ME,2600.288
NV,AZ,13574.832
KY,MA,11058.842
NH,WV,1410.359
KY,MO,8609.958
OH,TX,35074.54
NV,AR,529.325
SD,WY,262.74
KY,MI,14029.776
MD,KY,10575.029
NV,AL,706.944
PA,PA,184033.228
KY,MS,3084.157
SD,WA,1263.087
NH,WI,2784.671
MD,KS,4016.601
WV,UT,542.642
OH,TN,42670.853
SD,WI,3146.323
NE,RI,210.549
ID,AR,601.333
KS,TX,17165.025
ND,VA,1284.667
ID,AZ,5242.093
ME,WY,107.627
VT,FL,1253.211
ID,AK,52.645
AZ,HI,352.906
ND,VT,157.83
ID,AL,895.858
NH,IA,783.943
NH,ID,231.08
KY,VA,16634.987
VT,PA,5101.029
NH,IL,4062.069
NH,IN,2823.231
UT,AZ,8404.602
AK,ID,101.263
FL,RI,2295.213
NC,ID,1117.24
WV,IA,791.58
OR,VA,4321.146
MO,CT,2289.984
NJ,GA,19647.508
GA,LA,3014.565
MO,CO,4822.555
MO,CA,26059.969
OR,VT,660.252
ID,WI,2720.948
DC,MD,5361.021
MT,CT,563.216
LA,WY,227.254
ID,WA,12447.968
LA,WV,605.558
NV,SC,1320.931
AR,WY,187.927
ID,WY,363.147
IL,HI,372.905
LA,WI,4432.24
NC,IN,19003.077
MT,CO,5178.427
ID,WV,312.45
CT,TN,8238.026
CT,TX,8116.134
HI,LA,147.189
MO,MT,811.398
MO,MS,2334.195
IA,RI,340.173
MO,MD,3717.639
MO,ME,1666.686
MO,MA,4214.222
MO,MN,9595.257
NJ,CT,16497.584
RI,SD,55.475
MO,MI,7525.923
DE,GA,3399.296
OH,FL,22837.28
CA,RI,2780.077
IN,CA,34013.807
MD,CO,2321.452
IN,CT,3561.213
NC,CT,4647.804
WA,MT,1770.043
NC,CA,39942.427
NC,CO,4573.948
WI,PA,16010.936
AR,WA,1931.05
CO,AR,1618.233
NJ,CA,50953.372
WV,VT,264.529
CO,AZ,14337.881
VA,FL,22189.343
CO,AL,2281.761
MA,NM,567.171
TX,SC,20265.372
OK,CO,3679.188
WI,NE,2504.37
WI,ND,641.111
WI,NC,7912.556
MS,KS,4350.032
WI,NM,549.866
MS,KY,6238.14
WI,NH,1172.161
WI,NV,2306.334
IN,UT,2709.406
OK,CT,1211.38
WI,NY,11252.424
AZ,TN,9689.238
DC,LA,237.217
MA,ND,428.556
OH,ND,1101.119
AZ,TX,25378.825
WY,TN,1583.328
NM,OH,4103.816
NM,OK,1543.888
CO,WA,6360.955
CO,WI,8185.013
CO,WV,840.015
KY,RI,1604.468
CO,WY,1181.216
AR,MT,285.218
UT,VT,398.809
TN,TN,61182.889
AR,MS,2083.169
WY,HI,22.974
AR,ME,760.42
AR,MD,1772.004
TN,TX,27973.568
AR,MA,2070.969
UT,VA,2624.798
AR,MO,4647.981
AR,MN,3431.412
AR,MI,3321.802
WY,FL,1409.578
AL,GA,32755.665
AR,CT,1101.116
LA,KS,6588.028
LA,KY,9172.305
CT,AZ,2037.679
AR,CA,13066.338
MI,OR,3776.329
KS,MN,4870.677
KS,MO,6505.665
KS,MI,2944.247
KS,MD,1370.441
KS,ME,628.178
KS,MA,1711.173
NY,MN,16846.645
AK,HI,16.456
KS,MT,330.078
RI,LA,115.578
MI,OH,78320.426
KS,MS,939.791
NH,FL,2420.079
ND,AZ,1035.662
UT,DE,280.336
NV,PA,4445.326
ND,AR,329.421
UT,DC,122.01
ND,AL,526.488
FL,SD,1618.938
FL,SC,28382.188
ND,AK,16.381
GA,MS,4110.89
MI,SD,1245.292
OR,UT,10971.917
MI,SC,11376.095
GA,MT,730.694
NM,NM,3652.652
RI,PA,3974.745
MA,KY,12111.131
GA,MA,6737.177
GA,MD,10028.115
GA,ME,3150.448
WI,MN,21253.478
GA,MI,11169.007
GA,MN,8550.693
GA,MO,8849.085
MA,HI,146.923
WA,LA,1470.985
OH,HI,310.081
NJ,VT,1615.491
NJ,VA,32283.565
OR,GA,5660.209
NE,CA,10880.959
CA,WA,38213.137
NY,NV,7090.176
PA,WY,705.541
VA,RI,1289.563
MN,WV,1127.015
MN,WY,514.377
WI,LA,1265.144
PA,WV,10227.657
NY,NY,160408.759
PA,WI,20602.274
NY,NE,4081.293
NY,NC,31077.18
SD,DC,50.503
MN,WI,21651.904
NY,NM,1523.592
NY,NJ,210929.348
NE,CO,4966.275
NY,NH,6464.496
SD,DE,163.305
MO,NV,2966.453
MO,NY,10692.213
IN,NM,749.194
MO,NC,10062.918
MO,NE,3736.469
MO,ND,707.242
MO,NJ,9970.099
MO,NH,1210.038
OH,WV,6876.568
DE,FL,2504.187
TX,FL,39625.458
NE,GA,3318.13
NM,NV,3485.114
CA,SC,16572.81
CA,SD,3265.557
SC,NV,1464.123
NM,AR,609.623
KY,NC,18206.218
MN,AK,96.411
NH,TX,4100.81
SD,VT,192.002
MN,AL,2630.233
KY,NE,2976.368
KY,ND,906.644
CA,AZ,85687.383
KY,NJ,25198.413
KY,NH,2122.189
DE,TX,3208.159
SD,VA,1203.619
MN,AZ,5744.567
NH,TN,3633.313
OH,WI,22774.182
DE,TN,4493.957
CA,AK,534.481
KY,NY,37378.377
MN,AR,1742.024
CA,AL,9205.377
FL,AL,11889.644
NM,AK,25.718
VT,GA,1355.498
AZ,KY,6798.404
FL,AK,161.34
UT,UT,21817.776
AZ,KS,5372.829
CA,WY,1978.329
ND,WY,210.358
FL,AZ,10551.616
ND,WV,180.388
FL,AR,4870.096
NV,NV,12676.362
WI,OH,21524.991
WI,OK,2839.365
IN,TN,24889.028
OH,KS,12484.732
WI,OR,2561.518
OH,KY,40035.925
MD,NC,9688.531
AZ,WA,6653.273
VA,WI,11860.444
WY,UT,2990.474
MT,PA,2992.367
AZ,WI,6271.64
WV,GA,3531.467
DC,SD,86.899
VA,WY,474.445
AZ,WV,774.674
DC,SC,1177.327
AZ,WY,529.703
VA,WV,6719.554
VT,CT,1992.125
WY,AK,29.643
MD,NM,392.935
ID,VA,1911.235
LA,VT,437.471
IL,OH,55159.47
IL,OK,8658.675
MD,NH,1227.935
LA,VA,4642.737
OH,SD,1557.525
ID,VT,342.969
CT,WV,2682.888
IA,AR,1326.642
IA,AZ,3131.593
CT,WY,145.115
NV,ND,509.769
CT,WA,2052.584
HI,OK,122.323
HI,OH,1019.731
IA,AL,1858.211
CT,WI,5951.055
VA,NM,938.261
AL,FL,21096.995
DC,AK,12.187
WY,GA,1325.271
DC,AL,402.809
DC,AR,217.37
VA,NH,2215.555
DC,AZ,715.441
SC,MD,5254.214
SC,ME,2120.655
SC,MA,3882.513
SC,MN,4624.851
SC,MO,4527.306
SC,MI,6215.549
SC,MT,345.475
AK,IN,428.766
AK,IL,932.213
SC,MS,1830.444
MI,NE,3590.838
MD,NY,15308.671
MI,LA,2228.587
OK,VA,3449.022
TX,TX,429146.438
MI,NJ,26695.456
WY,NJ,1309.825
OK,VT,422.022
TX,TN,68641.169
WY,NH,264.825
CO,FL,7305.532
RI,AR,126.281
WA,MA,4616.232
NJ,WY,435.837
WA,MD,3133.809
WA,ME,2443.694
RI,AZ,341.683
NJ,WV,10759.739
WA,MI,6485.946
WA,MN,7622.75
WA,MO,5609.742
WA,MS,1979.945
NJ,WI,14692.269
OR,FL,5822.91
MD,IN,9448.591
RI,AK,8.916
NJ,WA,6167.183
RI,AL,178.031
NY,MS,5144.356
NY,MT,1408.888
MN,VT,856.269
NY,MA,36282.551
NY,ME,13433.187
NY,MD,36497.706
NY,MI,26613.495
NY,MO,14143.492
MN,VA,7819.222
NM,NJ,2507.888
CO,TN,12381.767
NM,NH,417.349
MS,PA,6400.497
DE,CA,8086.599
OR,SD,663.182
DE,ID,137.328
NM,NC,2651.769
NM,ND,208.736
NM,NE,740.789
NM,NY,3254.57
UT,CO,6951.695
CO,TX,37647.241
KY,SC,9247.032
KY,SD,994.999
NV,CA,72160.539
TN,UT,2438.419
WY,ID,747.034
ME,KY,2461.438
WY,IA,733.353
WY,IN,1210.146
ME,KS,1036.162
WY,IL,2621.128
PA,DE,8245.659
PA,DC,1395.058
CA,NM,4054.62
AR,LA,2835.13
DC,DE,431.66
KY,OH,42784.527
DE,WV,1610.179
KY,OK,4285.368
DE,WY,50.842
OH,VT,1902.466
MS,OK,1951.437
DE,WA,757.984
MD,ID,539.247
MD,IA,2212.739
OH,VA,22619.902
DE,WI,1789.422
MD,IL,14450.999
NE,PA,4864.207
KY,OR,2395.132
NH,UT,567.954
FL,FL,277413.58
VT,DE,272.18
NV,CO,7427.672
VT,DC,55.619
ND,TX,4249.162
NV,CT,902.759
ID,GA,2598.34
ND,TN,2515.517
TN,CA,31897.082
VT,VT,1333.538
SD,GA,1617.04
UT,CA,42191.776
TN,CO,3747.088
NH,GA,2867.704
PA,VT,2379.489
FL,PA,59258.877
ND,FL,1293.796
TN,CT,2832.563
UT,CT,1041.635
RI,WI,912.063
NJ,AK,147.534
MI,PA,38125.931
NJ,AL,3362.232
OR,TX,12743.474
GA,NV,3085.781
RI,WY,26.059
GA,NM,867.249
AL,UT,1406.494
GA,NJ,24736.9
GA,NH,1901.222
NJ,AR,2232.817
GA,NE,2571.18
GA,ND,537.058
GA,NC,20399.585
OR,TN,6990.455
RI,WV,567.079
IL,NY,28275.245
MT,AZ,2710.78
IL,NV,4676.912
MT,AR,404.209
IL,NJ,32135.126
IL,NH,2747.593
AZ,DE,541.137
MT,AK,37.556
AZ,DC,229.489
IL,NM,1277.508
IL,NC,21882.227
IL,ND,1204.575
PA,VA,48223.704
CT,VT,859.993
HI,NY,1039.569
GA,RI,943.526
IA,NV,1653.193
IA,NM,480.7
CT,VA,8199.563
HI,NH,120.903
IA,NH,758.768
HI,NJ,809.033
IA,NJ,7264.042
HI,ND,40.85
IA,ND,579.422
IA,NC,5592.711
HI,NC,531.657
MO,OR,2661.877
WV,HI,8.706
MO,OH,19730.638
MO,OK,4997.247
CT,DC,264.798
CT,DE,1371.993
VT,VA,2003.186
DE,AK,8.863
DE,AL,487.723
IA,PA,9390.188
WV,WA,1006.427
DE,AZ,826.718
CA,LA,6517.916
AL,LA,2635.561
DE,AR,296.246
DC,OK,519.993
ND,MT,422.475
NC,MT,726.202
NC,MS,3944.978
WI,RI,735.348
NC,MN,9138.598
NC,MI,12152.091
NC,ME,4712.082
NC,MD,17867.557
NC,MA,8143.672
OK,WA,2272.692
OK,WI,4544.761
TX,UT,13348.835
CO,GA,8126.914
OK,WV,459.039
NY,HI,344.755
OK,WY,308.305
MS,MS,8248.259
NC,SD,1066.334
NC,SC,33125.255
IN,WI,16400.185
OK,AZ,4206.257
MS,MA,1965.281
MS,MD,1673.109
MS,ME,687.197
OK,AL,1911.842
IN,WV,1579.699
MS,MI,3015.452
MS,MN,2949.205
MS,MO,3028.069
OK,AK,46.098
AL,WY,246.459
WV,FL,4231.456
MO,NM,714.012
GA,NY,19070.947
MT,OR,4260.34
WY,VT,208.721
AZ,VA,5105.9
AL,WV,887.441
AL,WI,5292.656
RI,WA,321.015
AZ,VT,682.364
PA,MA,16043.581
VA,VT,1415.56
MT,OH,3216.79
WY,VA,1042.622
DC,RI,175.375
NM,MT,276.923
NM,MS,661.707
TX,GA,49534.292
NM,ME,628.084
NM,MD,954.982
NM,MA,1379.2
NM,MO,1946.401
NM,MN,2288.19
CO,UT,10734.953
UT,ND,313.363
NM,MI,1932.764
NJ,AZ,6498.873
UT,NE,975.361
UT,TX,11248.461
PA,GA,28981.839
UT,TN,4556.112
TN,RI,759.957
AR,OH,8152.31
LA,MI,4072.889
VA,DE,4542.136
LA,MO,4070.269
VA,DC,1696.408
LA,MA,2526.57
WV,TN,5873.998
LA,ME,884.658
LA,MD,2203.093
LA,MS,5381.977
WV,TX,4664.194
LA,MT,304.693
MI,MS,3233.436
MI,MT,872.594
MI,MI,75721.255
KS,KY,5246.203
MI,MN,16422.748
MI,MO,9565.876
MI,MA,8052.351
MI,MD,9960.499
MI,ME,4010.969
NV,RI,228.77
VT,WV,269.151
NH,DC,100.58
ME,VT,682.496
VT,WY,53.753
SD,FL,1588.842
NH,DE,357.657
ID,UT,11776.867
ND,GA,1408.199
ME,VA,3666.61
GA,OR,3262.129
RI,VA,1320.891
GA,OH,32340.647
MA,IN,11122.49
GA,OK,4385.93
MA,ID,837.985
MA,IA,3085.484
RI,VT,123.062
MI,CT,5476.926
WA,NJ,10274.141
WA,NH,1428.069
WA,NE,2010.196
WA,ND,753.523
WA,NC,7499.917
ME,HI,38.385
AK,TN,721.95
WA,NY,11497.08
MI,CA,41924.623
NJ,PA,86941.502
MI,CO,5404.95
NV,NY,3928.807
MT,AL,602.192
PA,UT,4416.18
NY,LA,3580.821
GA,AR,3081.917
GA,AZ,5561.664
MO,HI,130.999
GA,AL,9963.962
GA,AK,110.533
NM,HI,47.473
CA,MT,3400.542
CA,MS,10112.042
CT,GA,5911.817
IN,DC,460.685
CA,MD,14508.179
CA,ME,7571.24
IN,DE,1057.913
CA,MN,32200.579
CA,MO,22197.13
IL,NE,5219.761
IN,WY,429.789
CA,MI,26819.785
NE,WY,312.282
MN,CT,2573.587
DE,VT,155.506
IL,RI,1615.42
CA,CT,11442.835
NE,WV,306.684
NE,WI,5449.264
NC,TN,31000.462
MN,CA,26501.903
CA,CO,24838.584
MN,CO,4862.242
IA,NY,6578.023
DE,VA,6350.022
TN,NE,2656.328
TN,ND,540.843
NV,DC,90.552
NV,DE,215.056
TN,NC,16410.052
NH,RI,1543.526
FL,GA,83866.015
TN,NH,1465.416
TN,NJ,17500.699
TN,NV,2519.871
ID,FL,2579.811
TN,NY,15120.146
HI,NV,757.503
OH,MI,35463.535
WI,AL,2641.926
WI,AK,86.743
MS,NY,5043.138
OH,MN,18431.773
OH,MA,12955.4
IN,VA,9670.549
OH,ME,5563.598
OH,MD,16488.66
MS,NM,333.359
WI,AZ,3736.966
MS,NJ,4493.042
MS,NH,548.287
OH,MS,3806.073
MS,ND,225.223
MS,NC,5431.726
OK,FL,5169.626
MT,NV,3537.541
WY,WY,1190.654
HI,NM,79.775
WY,WV,175.817
MT,NY,2482.483
WY,WI,1397.469
MT,ND,525.877
MT,NE,717.172
MT,NC,1779.693
IL,SD,1639.475
AL,VA,6880.336
MT,NJ,1929.321
SC,AZ,2689.059
IL,SC,12705.763
VA,UT,2905.896
ID,TX,6835.564
IA,NE,4798.282
AZ,GA,7113.01
VT,KS,599.396
HI,NE,102.449
CO,KY,7829.683
ID,TN,3120.459
VT,KY,1312.089
IL,ME,4517.134
IL,MD,11357.59
IL,MA,10187.296
GA,SD,938.318
IL,MN,20799.622
IA,OR,1853.847
NM,CO,7050.198
IL,MI,27663.598
GA,SC,21654.865
IL,MT,1244.364
IL,MS,4835.728
HI,IL,1146.281
IA,OH,13313.264
HI,IN,639.432
HI,IA,273.124
HI,ID,135.028
VA,CA,38278.527
WV,SC,2614.504
WV,SD,250.123
TX,VA,23495.965
DC,GA,2217.003
LA,LA,14519.028
VA,CO,4545.805
AL,DC,231.853
AL,DE,517.045
TN,WA,4255.935
SC,AK,51.401
DE,NC,3064.128
SC,KS,3934.873
DE,NM,98.005
SC,KY,10995.04
KS,HI,49.615
WA,WA,63415.468
MI,HI,153.075
TN,WV,1496.449
ME,UT,554.974
NC,LA,2542.426
WI,SD,977.343
OK,TN,11018.359
CO,AK,88.296
WI,SC,6049.279
NE,OR,1265.22
OK,TX,49611.264
CO,DE,641.586
CO,DC,258.906
WA,OH,13792.593
ME,IA,762.381
WA,OK,3226.151
ME,ID,277.258
DE,UT,579.118
AK,UT,574.098
ME,IL,4100.439
ME,IN,2622.339
CA,KY,40255.628
RI,GA,901.712
WA,OR,29320.031
NY,KY,38345.602
OR,DC,217.891
OR,DE,531.65
NY,KS,14181.146
NH,WY,78.879
KY,MN,9844.371
KS,NV,2077.401
PA,SC,17388.731
MN,PA,17083.092
MS,RI,214.725
NM,LA,697.354
AK,KS,182.006
TX,HI,639.709
AK,MO,441.737
AK,KY,510.507
RI,OK,309.723
NE,FL,2949.56
AR,NV,1357.043
KY,MT,612.458
AR,ID,472.357
TN,SC,11929.299
AR,NH,618.028
WY,KY,1171.132
AR,NJ,4955.876
PA,FL,24619.331
AR,NE,1118.768
UT,SC,1644.207
UT,SD,508.911
AR,NC,5222.016
KY,IN,24284.305
KY,IL,32322.098
KY,IA,4595.388
NE,VT,316.822
NE,VA,2529.053
MD,GA,10210.607
NH,SC,1497.927
NH,SD,185.245
TN,OK,3773.076
TN,OH,28057.392
FL,DE,2200.994
FL,DC,915.582
NH,WA,1105.651
SD,IL,5646.45
SD,IN,2224.364
TN,AL,8364.686
UT,AR,704.579
VT,TX,1990.803
ME,WV,597.702
SD,ID,408.655
SD,IA,1543.927
FL,VT,2009.866
NV,SD,519.052
VT,TN,1661.696
TN,AZ,4456.606
ME,WI,2738.196
FL,VA,27719.829
TN,AR,3682.475
UT,AL,1082.148
UT,AK,69.944
ME,WA,1296.586
MA,NY,29977.041
ND,DE,114.445
RI,UT,165.932
ND,DC,47.599
MI,VA,18215.221
WA,AL,2236.639
WA,AK,188.932
MA,NV,2345.296
MA,NH,6918.438
MA,NJ,55557.077
WA,AR,1333.778
MA,NC,10407.474
MA,NE,1507.301
MI,VT,1367.975
OK,LA,1551.701
NJ,CO,4768.314
VT,HI,16.539
AZ,FL,7687.953
IL,LA,3002.607
GA,TN,46038.667
LA,OK,3627.681
GA,TX,31987.03
HI,HI,1581.647
IA,LA,1015.929
MO,IN,15479.605
MO,IL,37419.048
MO,IA,5578.947
MO,ID,1472.298
DE,CT,1691.876
CA,NV,88150.307
CA,NY,55945.337
CT,FL,5818.543
NC,MO,9074.85
CA,NC,31389.187
NE,DC,85.519
NE,DE,248.775
CA,NE,7474.443
CA,ND,2115.14
DE,CO,681.8
CA,NJ,52813.499
CA,NH,5796.222
IN,GA,14163.901
DC,IN,2167.002
NC,OR,3423.029
DC,IL,2988.617
NC,OK,3771.931
NC,OH,38053.925
WV,MI,2624.606
MS,AR,1858.749
MS,AZ,2153.4
WI,TN,16538.861
MN,OR,3318.092
WI,TX,19381.11
MS,AL,4219.601
DC,ID,106.391
OK,UT,1985.176
MS,AK,35.76
MS,OR,972.64
OH,LA,3535.07
MS,OH,7295.7
IN,ID,1016.182
OK,GA,5645.439
IN,IA,4328.781
IN,IL,57259.266
IN,IN,51155.155
MT,MS,367.366
MT,MT,3783.646
AZ,PA,11270.968
VA,TX,22733.194
WV,DE,418.85
MT,MA,1051.592
MA,MS,1967.875
MT,ME,518.041
MT,MD,737.757
VA,TN,26141.341
MT,MO,1503.94
DC,PA,10525.223
CO,KS,11334.041
AK,DE,39.211
NM,CT,672.7
AK,DC,26.657
MS,SC,4643.067
TX,IN,43896.637
TX,IL,64398.363
ME,TX,3862.908
TX,ID,3586.843
NM,CA,15960.371
TX,IA,12186.194
PA,AR,3588.471
WY,LA,385.482
PA,AZ,7324.638
UT,RI,224.377
AR,IL,11307.037
AR,IN,6610.587
AR,IA,1763.94
PA,AK,155.359
PA,AL,5756.523
TN,PA,22132.524
TX,WA,15360.26
AL,KY,13818.244
LA,OR,1293.053
DC,FL,2141.754
TX,WI,26019.766
WV,RI,189.118
AL,KS,6401.131
TX,WV,3568.123
TX,WY,1536.608
WY,DE,134.886
LA,OH,9652.594
SC,HI,90.782
OH,MO,12879.23
MD,DC,1111.39
KS,IA,2615.739
KS,ID,700.335
KS,IL,11305.013
KS,IN,5131.297
MN,SD,2252.347
MN,SC,6178.126
SD,HI,10.314
MI,RI,1150.201
PA,SD,1471.375
FL,WV,5269.613
FL,WI,17255.314
ME,TN,3112.288
FL,WA,9745.654
NV,TN,3388.699
MI,WI,27343.085
MS,MT,255.11
RI,TX,1320.767
MI,WA,5731.163
MA,OK,3057.771
MA,OH,24741.163
MI,WY,531.585
MI,OK,5620.596
MI,WV,2697.103
RI,TN,1472.095
ME,FL,2499.248
MI,AZ,6430.348
SC,FL,18955.775
MI,AR,2593.96
AK,VT,88.502
MI,AL,4315.974
WA,PA,14950.369
IN,WA,4574.685
RI,FL,884.737
MI,AK,117.918
AK,VA,327.789
RI,HI,13.344
MN,WA,4794.42
NJ,RI,2734.618
MA,OR,2780.768
OR,KY,7683.203
KY,AK,168.881
OR,KS,4223.154
ID,DC,88.468
ID,DE,250.414
GA,CT,4019.737
GA,CO,4211.521
GA,CA,38688.553
CT,IL,9764.531
CT,IN,5242.391
NE,KY,3925.102
CT,ID,407.984
CT,IA,1463.472
NE,KS,11571.101
CA,OH,59499.306
CA,OK,18306.285
MN,MT,886.54
MN,MS,2223.478
MD,FL,8594.518
MN,MN,58189.401
MN,MI,11881.978
MN,ME,2294.74
MN,MD,5084.814
DE,PA,14403.057
MN,MA,4687.435
MT,CA,12514.333
TN,LA,3004.14
NV,FL,2970.228
IA,KS,12112.896
NJ,LA,1982.751
NH,PA,9503.129
NE,UT,1491.976
WI,CT,2307.777
IA,ME,1033.835
IA,MA,2576.454
AR,OR,1167.234
IA,MN,17615.487
IA,MO,6649.994
IA,MI,6618.373
IA,MT,473.797
HI,KS,201.682
WI,CA,24747.573
IA,MS,1175.72
OK,DE,362.895
VA,VA,63458.318
OK,DC,142.579
HI,KY,731.208
OH,OH,157274.564
DC,WY,32.521
IL,ID,1702.262
WV,CT,1246.408
WI,ID,892.535
DC,WV,1101.707
DC,WI,1292.808
VA,SC,12517.688
AZ,SD,764.901
AZ,SC,3427.444
VA,SD,908.235
DC,WA,665.988
MT,LA,404.748
WV,CO,886.658
VT,IL,2190.376
VT,IN,1361.571
AZ,AZ,47883.515
VT,ID,150.909
AZ,AR,1445.594
NV,HI,1147.525
VT,IA,402.395
AL,WA,2513.193
AZ,AK,169.778
AZ,AL,2098.175
GA,PA,28781.16
KS,KS,15546.897
OK,AR,2514.263
WI,IL,63451.92
IL,CO,7451.319
MO,TX,28556.175
IL,CA,65642.63
GA,HI,188.98
MO,TN,21774.93
MT,OK,766.411
IL,CT,6425.837
GA,UT,2880.741
VA,AL,4104.289
VA,AK,165.472
LA,NV,1695.33
LA,NY,6752.989
LA,NC,7952.46
LA,ND,284.098
LA,NE,1217.511
LA,NH,709.519
LA,NJ,7032.325
VA,AR,2395.846
SC,IL,12595.855
SC,IN,8585.331
SC,IA,1878.309
SC,ID,552.818
KS,FL,3578.542
SC,CA,18250.918
HI,UT,1210.27
AL,TN,24748.41
UT,IL,8469.513
AL,TX,21224.044
NC,ND,589.465
NC,NE,2642.226
NC,NC,78278.336
NC,NM,877.427
NC,NH,2135.73
NC,NJ,28433.55
NC,NV,3183.607
WI,UT,2238.103
NC,NY,20983.851
SC,GA,25247.99
ME,GA,2751.695
MI,FL,14382.689
NJ,SC,11264.674
NJ,SD,881.77
AK,WA,656.63
AK,WI,465.269
ME,CO,1052.675
AK,WV,47.103
AK,WY,40.77
MS,TN,14825.512
MS,TX,17041.269
CO,HI,160.326
WY,MI,1209.609
WY,MN,1567.517
WY,MO,1201.218
WY,MA,791.302
VA,OH,34564.157
WY,MD,572.139
WY,ME,346.382
AR,HI,51.826
ND,LA,337.28
VA,OR,3411.405
WY,MS,295.321
WY,MT,648.122
OR,NY,7657.071
NY,WY,811.424
MA,LA,1384.398
KY,KY,28069.082
NY,WV,22317.727
NV,OR,4601.833
NY,WI,30889.071
MO,MO,25818.581
MT,MI,1589.939
RI,ID,63.728
NY,WA,11027.353
MN,LA,1423.749
TN,MN,6926.556
DE,SD,99.912
DE,SC,1364.805
TN,MI,9704.114
TN,MD,6358.358
NV,GA,2616.68
CA,FL,37548.487
TN,MA,5221.449
NE,TN,5929.642
TN,MT,674.372
TN,MS,4223.806
PA,RI,2292.768
NY,ID,2080.357
MD,WI,7169.323
NY,IA,7844.101
NY,IN,36327.449
NY,IL,53075.002
MD,WA,2799.797
UT,OR,3800.282
AR,OK,3404.154
SD,KY,1823.604
NH,CA,6584.15
MD,WY,200.317
UT,OH,5837.152
UT,OK,1582.516
SD,KS,2691.802
IN,CO,4073.465
MD,WV,4437.476
NH,CO,920.422
WA,CO,6436.698
AZ,CA,89576.766
FL,TN,68954.563
NJ,MT,760.083
NJ,MS,3174.106
MI,TX,25425.467
NJ,MN,8576.466
NJ,MO,7166.589
MT,MN,2464.642
NJ,MI,13347.719
WA,CT,2679.713
MI,TN,30621.917
NJ,MD,23994.191
NJ,ME,6552.712
NJ,MA,17807.227
VT,NH,1018.364
NV,ID,2036.916
VT,NJ,8960.845
VT,NM,91.952
NV,IA,1142.48
NV,IN,2552.322
VT,NC,1381.611
VT,NE,251.455
VT,ND,69.49
VT,NY,3800.614
VT,NV,347.248
GA,VT,1086.604
GA,WA,5125.662
MO,UT,2598.816
LA,MN,4080.664
SD,UT,1387.813
OK,IL,11586.365
GA,VA,17331.591
AZ,NV,14258.655
MA,RI,9266.478
IL,AR,4008.077
GA,DC,580.164
GA,DE,1373.307
ID,KS,2329.275
MA,KS,4319.129
CT,HI,81.148
DE,MT,86.057
DE,MS,345.413
CA,HI,1339.456
DE,MO,1037.123
DE,MN,1695.697
DE,MI,1722.553
DE,ME,684.287
MO,KY,13692.026
DE,MA,1587.614
IL,PA,39164.376
HI,TX,1786.463
HI,TN,834.333
CA,OR,33358.283
NC,IA,3989.383
OK,KS,8354.87
MS,CT,1043.979
WV,OR,624.416
NC,IL,26148.77
WI,VA,8054.123
OK,KY,7626.617
MS,CO,1641.084
IN,FL,11562.229
WI,VT,770.742
MS,CA,11872.016
IN,KS,8377.505
OH,NV,4276.658
OH,NY,35242.892
IN,KY,24276.237
WI,DC,245.801
OH,NC,26448.194
WI,DE,559.586
OH,NE,4934.616
OH,NH,3170.316
OH,NJ,35714.881
OH,NM,1267.56
MT,KY,1701.915
MT,KS,1584.278
DC,VT,176.738
AZ,RI,485.951
DC,VA,5915.307
OK,ID,663.741
NM,AZ,8066.325
AK,FL,691.506
WY,AR,294.824
CO,IL,18277.256
CO,IN,7583.565
NM,AL,1069.306
CO,ID,1865.728
UT,GA,3550.364
CO,IA,4168.721
MS,UT,858.565
WY,NV,2067.253
VA,ND,578.177
VA,NE,2839.252
VA,NC,25388.358
PA,CT,13099.639
VA,NJ,42066.698
WY,NY,1857.802
PA,CO,6813.822
WY,NE,616.716
WY,ND,253.899
WY,NC,1352.131
TX,KS,34324.336
WY,NM,270.362
TX,KY,44846.64
PA,CA,58998.523
VA,NY,23712.886
LA,AZ,4004.108
WV,PA,11351.583
NM,SC,1327.579
LA,AR,2178.366
LA,AL,3750.099
DC,DC,681.757
AL,IN,10840.671
LA,AK,26.696
AL,IL,13094.958
AL,IA,2165.658
AL,ID,621.417
SC,VT,577.91
MN,MO,6824.987
SC,VA,9527.064
KS,GA,4348.513
PA,MT,1192.384
PA,MS,3894.671
UT,NY,4610.201
UT,NV,8084.789
AR,UT,1120.165
NV,VT,283.517
MD,VA,24670.763
PA,ME,8582.336
PA,MD,33207.4
UT,NM,704.414
UT,NJ,3917.841
UT,NH,529.425
MD,VT,753.271
PA,MN,15573.247
PA,MI,20375.633
UT,NC,3196.43
NV,VA,2016.181
NJ,NY,58520.079
MI,UT,3483.258
ME,RI,1279.2
WA,DC,300.095
WA,DE,744.096
NJ,NV,3653.2
NJ,NJ,124840.713
NJ,NH,3268.145
FL,UT,6131.899
WI,MD,4243.643
NJ,NM,842.05
ND,KY,1700.211
NJ,NC,17721.104
ND,KS,2624.064
NJ,NE,2064.754
NJ,ND,567.928
SC,DC,276.713
UT,PA,5432.064
SC,DE,843.809
MA,TN,16582.267
ME,DC,130.339
ME,DE,575.76
TX,SD,2838.654
AR,KS,5271.501
WA,RI,566.547
MI,GA,18830.993
AR,KY,6531.615
AK,PA,804.736
RI,DC,33.085
OR,IN,6249.013
OR,IL,11119.12
OR,IA,4137.989
OR,ID,2376.117
MT,WA,7444.823
VT,WA,694.6
WV,VA,7765.329
ME,AK,49.955
MA,SD,631.451
MA,SC,6175.631
VT,WI,1615.974
MO,DE,626.988
MO,DC,294.332
CT,KY,5871.496
CA,IN,33525.277
NE,IN,4225.179
CA,IL,68590.172
NE,IL,12392.988
CT,KS,2388.491
NE,IA,4293.462
CA,IA,23253.497
CA,ID,8270.522
DE,LA,290.265
MA,MA,50648.776
MA,MD,9049.898
MA,ME,13251.535
NH,AZ,1055.97
MA,MI,7766.495
NY,VT,3642.289
MA,MN,6269.61
WI,NJ,10731.916
MN,OK,3762.398
MN,OH,23619.151
MA,MT,531.497
KY,DE,1681.75
HI,MN,716.663
KY,DC,2102.098
NY,VA,53334.74
MD,DE,2697.646
NH,NV,578.344
FL,KY,45606.66
DE,RI,294.724
NH,NY,6686.036
FL,KS,15347.467
NH,NE,403.242
NH,ND,132.527
NH,NC,2671.955
NH,NM,155.959
NH,NH,3868.271
NH,NJ,11356.918
IA,MD,2312.068
OH,AZ,7825.316
NY,OR,6750.645
OH,AR,3804.659
OH,AL,6429.166
OH,AK,175.527
IA,KY,8203.095
OH,OR,4662.785
MA,IL,17004.515
WV,AZ,913.211
WV,AR,538.705
WV,AL,965.238
WV,AK,2.954
MD,AZ,2735.911
VT,OK,310.826
VT,OH,3229.57
NH,ME,3188.297
VT,OR,432.046
TX,NV,18243.161
IL,AK,169.4
GA,WV,2884.728
IL,AL,5548.109
AZ,CO,7860.631
GA,WY,424.29
MO,VT,714.66
IL,AZ,9813.569
AZ,CT,2015.295
SD,AK,16.329
WY,TX,4449.237
GA,WI,12429.569
MO,VA,6644.015
DC,KY,2177.184
NM,RI,180.25
WA,NM,864.533
DC,KS,796.668
WV,OH,14310.562
WV,OK,773.472
AK,TX,1085.051
SC,WV,1212.734
WI,CO,3779.227
OH,OK,5971.374
AL,HI,67.26
SC,WY,221.23
SC,WA,2671.885
KS,DC,123.53
IN,HI,216.008
KS,DE,297.39
SC,WI,5813.349
IL,WA,7960.452
HI,WY,36.108
IL,WI,41795.696
HI,WV,49.582
HI,WI,507.389
DC,UT,367.597
IL,WV,2821.124
IL,WY,714.184
HI,WA,561.203
OK,HI,64.013
CT,RI,3847.346
WI,WI,46098.146
WI,WA,3739.364
NC,HI,184.332
KS,VA,2503.862
NV,AK,483.818
WI,WY,362.797
TX,VT,2511.947
KS,VT,338.415
MS,DC,160.313
MS,DE,339.912
WI,WV,1003.842